نام,نام خانوادگی,استان,شهر,جنسیت,شاخص عملکرد,رتبه,تعداد عملکرد ثبت شده,درصد حضور,درصد غیبت,تعداد حضور در رای‌گیری,رای موافق,رای مخالف,رای ممتنع,عدم مشارکت در رای‌گیری,کمیسیون سال اول,کمیسیون سال دوم,کمیسیون سال سوم,کمیسیون سال چهارم,توضیحات
علیرضا,سلیمی,مرکزی,دلیجان / محلات,آقا,1842,1,2046,98,2,2015,1540,469,2,4,عضو کمیسیون صنایع و معادن - عضو کمیسیون تدوین آیین‌نامه داخلی مجلس,عضو کمیسیون تدوین آیین‌نامه داخلی مجلس - عضو کمیسیون صنایع و معادن,عضو کمیسیون صنایع و معادن - عضو کمیسیون تدوین آیین‌نامه داخلی مجلس,عضو کمیسیون صنایع و معادن - عضو کمیسیون تدوین آیین‌نامه داخلی مجلس,سوابق و فعالیت ها: - استاد و عضو هیأت علمی دانشگاه - مدیر و مدرس حوزه علمیه - امام جمعه موقت تحصیلات: - دروس خارج فقه و اصول - دکتری فقه و حقوق
حسینعلی,حاجی‌دلیگانی,اصفهان,برخوار / شاهین شهر / میمه,آقا,1831,2,2046,100,0,2046,1523,487,27,9,عضو کمیسیون تلفیق,,عضو کمیسیون تلفیق,,سوابق و فعالیت ها: - معاون استاندار اصفهان و فرماندار ویژه کاشان - فرمانده سپاه اصفهان تحصیلات : - کارشناسی ارشد مدیریت دولتی
علیرضا,عباسی,البرز,کرج,آقا,1757,3,2046,99,1,2032,1559,456,4,13,,نایب رئیس دوم کمیسیون کشاورزی،  آب و منابع طبیعی,عضو کمیسیون کشاورزی،  آب و منابع طبیعی,نایب رئیس دوم کمیسیون کشاورزی،  آب و منابع طبیعی,سوابق: عضو هیات علمی پردیس کشاروزی و منابع طبیعی دانشگاه تهران(دانشیار) مسئول کارگروه کشاورزی دانشجویان اعزام به خارج از کشور وزارت علوم، تحقیقات و فناوری سردبیر مجله علوم گیاهان زراعی ایران عضو کارگروه ثبت اختراعات معاونت علمی و فناوری ریاست جمهوری تحصیلات: دکترای بیوتکنولوژی گیاهی
حسین,خسروی‌اسفزار,خراسان جنوبی,بیرجند / درمیان,آقا,1738,4,2046,99,1,2023,1626,388,1,8,دبیر دوم کمیسیون امور داخلی کشور و شوراها,عضو کمیسیون امور داخلی کشور و شوراها,,,سوابق اجرایی : بازنشسته سپاه میزان تحصیلات : کارشناسی ارشد معارف اسلامی
علی,خضریان,تهران,اسلامشهر / تهران / ری / شمیرانات,آقا,1714,5,2046,100,0,2036,1493,489,4,50,سخنگو کمیسیون اصل نودم قانون اساسی مجلس,سخنگو کمیسیون اصل نودم قانون اساسی مجلس,سخنگو کمیسیون اصل نودم قانون اساسی مجلس,سخنگو کمیسیون اصل نودم قانون اساسی مجلس,سوابق اجرایی : مدیرمسئول خبرنامه دانشجویان ایران مدیر مرکز ارتباطات و اطلاع رسانی نهاد نمایندگی مقام معظم رهبری(مدظله العالی) در دانشگاه ها سردبیر و قائم مقام مدیر مسئول روزنامه فرهیختگان میزان تحصیلات : کارشناس ارشد علوم سیاسی
سیدناصر,موسوی‌لارگانی,اصفهان,فلاورجان,آقا,1708,6,2046,98,2,1996,1622,355,5,14,عضو کمیسیون اقتصادی,عضو کمیسیون اقتصادی,عضو کمیسیون اقتصادی,عضو کمیسیون اقتصادی,سوابق و فعالیت ها: - دبیر آموزش و پرورش تحصیلات: - سطح 2 علوم حوزه - کارشناسی ارشد تاریخ اسلام
محمدحسن,آصفری,مرکزی,اراک / خنداب / کمیجان,آقا,1694,7,2046,98,2,2001,1483,447,8,63,نایب رئیس دوم کمیسیون امور داخلی کشور و شوراها,عضو کمیسیون امور داخلی کشور و شوراها,نایب رئیس دوم کمیسیون امور داخلی کشور و شوراها,نایب رئیس دوم کمیسیون امور داخلی کشور و شوراها - عضو کمیسیون کمیسیون تلفیق برنامه هفتم,سوابق و فعالیت ها: - فرماندار اراک تحصیلات: - فوق لیسانس علوم سیاسی
قدرت‌الله,حمزه‌شلمزاری,چهارمحال و بختیاری,اردل  / فارسان,آقا,1677,8,2046,97,3,1991,1535,399,5,52,عضو کمیسیون امور داخلی کشور و شوراها,عضو کمیسیون امور داخلی کشور و شوراها,عضو کمیسیون امور داخلی کشور و شوراها,عضو کمیسیون امور داخلی کشور و شوراها,سوابق اجرایی : فرماندار سابق کوهرنگ و ایذه میزان تحصیلات : کارشناسی ارشد علوم سیاسی
محمد,رشیدی,کرمانشاه,کرمانشاه,آقا,1661,9,2046,95,5,1948,1400,437,63,48,دبیر اول کمیسیون تلفیق - عضو کمیسیون کشاورزی،  آب و منابع طبیعی - عضو کمیسیون کمیسیون ویژه جهش و رونق تولید و نظارت بر اجرای اصل 44 قانون اساسی,عضو کمیسیون کشاورزی،  آب و منابع طبیعی - عضو کمیسیون تلفیق - عضو کمیسیون کمیسیون ویژه جهش و رونق تولید و نظارت بر اجرای اصل 44 قانون اساسی,عضو کمیسیون کشاورزی،  آب و منابع طبیعی - عضو کمیسیون کمیسیون ویژه جهش و رونق تولید و نظارت بر اجرای اصل 44 قانون اساسی,عضو کمیسیون کشاورزی،  آب و منابع طبیعی - عضو کمیسیون کمیسیون تلفیق برنامه هفتم - عضو کمیسیون کمیسیون ویژه جهش و رونق تولید و نظارت بر اجرای اصل 44 قانون اساسی,سوابق اجرایی : استاد دانشگاه رازی کرمانشاه میزان تحصیلات : دکترای علوم قرآن و حدیث
اسماعیل,کوثری,تهران,تهران,آقا,1648,10,2046,95,5,1945,1435,401,68,41,,,,,
علی,کریمی‌فیروزجائی,مازندران,بابل,آقا,1577,11,1888,98,2,1857,1451,312,45,49,عضو کمیسیون آموزش و تحقیقات,عضو کمیسیون آموزش و تحقیقات - عضو کمیسیون تلفیق,عضو کمیسیون آموزش و تحقیقات,عضو کمیسیون آموزش و تحقیقات,
محمدحسین,فرهنگی,آذربایجان شرقی,آذر شهر / اسکو / تبریز,آقا,1574,12,2046,89,11,1830,1257,504,24,45,عضو کمیسیون صنایع و معادن - عضو کمیسیون تدوین آیین‌نامه داخلی مجلس - عضو کمیسیون کمیسیون ویژه جهش و رونق تولید و نظارت بر اجرای اصل 44 قانون اساسی,نایب رئیس اول کمیسیون تدوین آیین‌نامه داخلی مجلس - عضو کمیسیون صنایع و معادن - عضو کمیسیون کمیسیون ویژه جهش و رونق تولید و نظارت بر اجرای اصل 44 قانون اساسی,نایب رئیس اول کمیسیون تدوین آیین‌نامه داخلی مجلس - عضو کمیسیون صنایع و معادن - عضو کمیسیون کمیسیون ویژه جهش و رونق تولید و نظارت بر اجرای اصل 44 قانون اساسی,نایب رئیس اول کمیسیون تدوین آیین‌نامه داخلی مجلس - عضو کمیسیون صنایع و معادن - عضو کمیسیون کمیسیون ویژه جهش و رونق تولید و نظارت بر اجرای اصل 44 قانون اساسی,سوابق و فعالیت ها: - دبیر منطقه ای و عضو هیأت علمی دانشگاه تحصیلات: - کارشناسی ارشد مدیریت دولتی - دکتری تخصصی فقه و مبانی حقوق اسلامی
محمدرضا,دشتی‌اردکانی,یزد,اردکان,آقا,1574,12,1869,99,1,1845,1364,371,87,23,عضو کمیسیون برنامه و بودجه و محاسبات - عضو کمیسیون تلفیق,عضو کمیسیون برنامه و بودجه و محاسبات,عضو کمیسیون برنامه و بودجه و محاسبات,عضو کمیسیون کمیسیون تلفیق برنامه هفتم - عضو کمیسیون برنامه و بودجه و محاسبات,سوابق اجرایی : رئیس سردفتران کشور میزان تحصیلات : کارشناس ارشد حقوق
حسین,حق‌وردی,تهران,شهریار,آقا,1541,14,2046,91,9,1859,1509,249,20,81,دبیر دوم کمیسیون آموزش و تحقیقات,عضو کمیسیون آموزش و تحقیقات,عضو کمیسیون آموزش و تحقیقات - عضو کمیسیون تلفیق,عضو کمیسیون آموزش و تحقیقات,سوابق اجرایی : نماینده و رئیس کمیسیون حقوقی شورای شهر شهریار میزان تحصیلات : دانشجوی دکترای تاریخ اسلام
شیوا,قاسمی‌پور,کردستان,سروآباد / مریوان,خانم,1538,15,2046,94,6,1920,1504,285,14,117,دبیر اول کمیسیون آموزش و تحقیقات,دبیر اول کمیسیون آموزش و تحقیقات,دبیر دوم کمیسیون آموزش و تحقیقات,دبیر اول کمیسیون آموزش و تحقیقات,سوابق اجرایی : کارمند آموزش و پرورش میزان تحصیلات : دکترای مدیریت
سلمان,اسحاقی,خراسان جنوبی,قائنات,آقا,1538,15,2046,88,12,1792,1452,279,6,55,,,,سخنگو کمیسیون بهداشت و درمان,سوابق اجرایی : کارشناس حقوق و تحلیل گر سازمان انرژی اتمی ، روزنامه نگار میزان تحصیلات : کارشناسی ارشد حقوق بین الملل
حبیب,آقاجری,خوزستان,بندرماهشهر,آقا,1537,17,2046,91,9,1857,1368,309,43,137,عضو کمیسیون انرژی,عضو کمیسیون انرژی,عضو کمیسیون انرژی,عضو کمیسیون انرژی,سوابق و فعالیت ها : - پاسدار جانشین عملیات کل سپاه - مسئول عملیات نیروی دریایی سپاه - فرمانده منطقه سوم دریایی سپاه تحصیلات: - کارشناسی ارشد مدیریت دفاعی
مجتبی,یوسفی,خوزستان,اهواز / باوی,آقا,1533,18,1869,96,4,1800,1249,467,54,30,عضو کمیسیون عمران - عضو کمیسیون تلفیق,عضو کمیسیون عمران,عضو کمیسیون عمران,عضو کمیسیون عمران - عضو کمیسیون کمیسیون تلفیق برنامه هفتم,سوابق اجرایی : شهردار منطقه 3 اهواز میزان تحصیلات : کارشناسی ارشد مدیریت استراتژیک
محسن,پیرهادی,تهران,اسلامشهر / تهران / ری / شمیرانات,آقا,1530,19,2046,92,8,1887,1213,252,299,123,عضو کمیسیون امنیت ملی و سیاست خارجی,عضو کمیسیون امنیت ملی و سیاست خارجی,عضو کمیسیون امنیت ملی و سیاست خارجی,نایب رئیس اول کمیسیون کمیسیون تلفیق برنامه هفتم - عضو کمیسیون امنیت ملی و سیاست خارجی,سوابق اجرایی : عضو اسبق شورای شهرتهران میزان تحصیلات : دکترای روابط بین الملل
مهدی,سعادتی‌بیشه‌سری,مازندران,بابل,آقا,1518,20,2046,89,11,1819,1483,181,115,40,عضو کمیسیون امنیت ملی و سیاست خارجی,عضو کمیسیون امنیت ملی و سیاست خارجی,عضو کمیسیون امنیت ملی و سیاست خارجی,عضو کمیسیون امنیت ملی و سیاست خارجی,سوابق اجرایی : فرمانده سپاه، استاندارگیلان میزان تحصیلات : کارشناسی ارشد مدیریت
احمد,علیرضابیگی,آذربایجان شرقی,آذر شهر / اسکو / تبریز,آقا,1517,21,2046,90,10,1838,1396,385,13,44,,,عضو کمیسیون امور داخلی کشور و شوراها,عضو کمیسیون امور داخلی کشور و شوراها,سوابق و فعالیت ها: - استاندار آذربایجان شرقی تحصیلات: - دانشجوی دوره دکتری امنیت ملی
سیدسلمان,ذاکر,آذربایجان غربی,ارومیه,آقا,1499,22,1888,94,6,1781,1436,282,22,41,عضو کمیسیون اجتماعی,عضو کمیسیون اجتماعی,عضو کمیسیون اجتماعی,عضو کمیسیون اجتماعی - عضو کمیسیون اصل نودم قانون اساسی مجلس,
مهدی,عسگری,البرز,کرج,آقا,1489,23,2046,88,12,1799,1349,320,79,51,عضو کمیسیون صنایع و معادن,عضو کمیسیون صنایع و معادن - عضو کمیسیون تلفیق,عضو کمیسیون صنایع و معادن,نایب رئیس اول کمیسیون صنایع و معادن - عضو کمیسیون کمیسیون تلفیق برنامه هفتم,سوابق اجرایی : مشاور استانداری البرز مدیر اداره ارشاد شهرستان کرج معاون مطبوعاتی اداره کل فرهنگ و ارشاد اسلامی استان البرز میزان تحصیلات : مهندسی متالوژی، فوق لیسانس فلسفه
حسین,رجایی‌ریزی,اصفهان,لنجان,آقا,1481,24,1888,95,5,1794,1433,288,10,63,,,,,
روح اله,متفکرآزاد,آذربایجان شرقی,آذر شهر / اسکو / تبریز,آقا,1477,25,2046,88,12,1807,1444,282,10,71,عضو کمیسیون آموزش و تحقیقات,عضو کمیسیون آموزش و تحقیقات,عضو کمیسیون آموزش و تحقیقات,عضو کمیسیون آموزش و تحقیقات,سوابق و فعالیت ها: -عضو هیات علمی دانشگاه تبریز تحصیلات: - دکترای زیست شناسی
فاطمه,رحمانی,خراسان رضوی,کلات / مشهد,خانم,1475,26,1888,94,6,1769,1256,407,29,77,عضو کمیسیون اجتماعی,عضو کمیسیون اجتماعی,عضو کمیسیون اجتماعی,عضو کمیسیون اجتماعی - عضو کمیسیون کمیسیون تلفیق برنامه هفتم,سوابق اجرایی : مدیرکل سابق بانوان استانداری میزان تحصیلات : کارشناسی ارشد مدیریت دولتی
حجت‌الله,فیروزی,فارس,فسا,آقا,1468,27,2046,89,11,1812,1459,266,12,75,سخنگو کمیسیون صنایع و معادن,عضو کمیسیون صنایع و معادن,عضو کمیسیون صنایع و معادن - عضو کمیسیون تلفیق,عضو کمیسیون صنایع و معادن,سوابق اجرایی : معاون حقوقی قرارگاه خاتم الانبیاء میزان تحصیلات : دکترای حقوق
مهدی,طغیانی,اصفهان,اصفهان,آقا,1467,28,2046,85,15,1734,1271,398,8,57,سخنگو کمیسیون اقتصادی,عضو کمیسیون اقتصادی,سخنگو کمیسیون اقتصادی - عضو کمیسیون تلفیق,سخنگو کمیسیون اقتصادی,سوابق اجرایی : هیات علمی دانشگاه اصفهان میزان تحصیلات : دکتری علوم اقتصادی
احمد,امیرآبادی‌فراهانی,قم,قم,آقا,1463,29,1888,91,9,1724,1201,332,158,33,عضو کمیسیون اقتصادی - عضو کمیسیون تلفیق,عضو کمیسیون اقتصادی,عضو کمیسیون اقتصادی,عضو کمیسیون اقتصادی,سوابق و فعالیت ها : - استاد دانشگاه - عضو شورای اسلامی شهر قم تحصیلات : - کارشناسی ارشد - دکتری مدیریت آینده پژوهی
پروین,صالحی‌مبارکه,اصفهان,مبارکه,خانم,1462,30,1869,95,5,1774,1286,369,4,115,عضو کمیسیون بهداشت و درمان,عضو کمیسیون بهداشت و درمان,عضو کمیسیون بهداشت و درمان,عضو کمیسیون بهداشت و درمان,سوابق اجرایی : پزشک-عضو شورای شهر میزان تحصیلات : دکترای پزشکی
محمدرضا,احمدی,گیلان,رشت,آقا,1457,31,2046,88,12,1799,1395,318,2,84,عضو کمیسیون آموزش و تحقیقات,دبیر دوم کمیسیون آموزش و تحقیقات,دبیر اول کمیسیون آموزش و تحقیقات,دبیر دوم کمیسیون آموزش و تحقیقات - عضو کمیسیون اصل نودم قانون اساسی مجلس,سوابق اجرایی : بازنشسته سپاه پاسداران میزان تحصیلات : دکتری تخصصی آموزش زبان انگلیسی
مهدی,شریفیان,تهران,اسلامشهر / تهران / ری / شمیرانات,آقا,1436,32,2046,86,14,1759,1467,213,1,78,عضو کمیسیون اجتماعی,عضو کمیسیون اجتماعی,عضو کمیسیون اجتماعی,عضو کمیسیون اجتماعی,سوابق اجرایی : معاون سیاسی انتظامی فرمانداری فیروزکوه میزان تحصیلات : دکترای مهندسی سیستم های فرهنگی
بهروز,محبی‌نجم‌آبادی,خراسان رضوی,جغتای / جوین / سبزوار,آقا,1431,33,2046,92,8,1884,1424,207,24,229,عضو کمیسیون برنامه و بودجه و محاسبات,عضو کمیسیون برنامه و بودجه و محاسبات,عضو کمیسیون برنامه و بودجه و محاسبات,عضو کمیسیون برنامه و بودجه و محاسبات,سوابق اجرایی : استاد دانشگاه میزان تحصیلات : دکترای ریاضی محض
عبدالعلی,رحیمی‌مظفری,فارس,سروستان,آقا,1430,34,2046,92,8,1887,1379,284,8,216,دبیر دوم کمیسیون انرژی,دبیر دوم کمیسیون انرژی,دبیر دوم کمیسیون انرژی,دبیر اول کمیسیون انرژی,سوابق اجرایی : کارمند شرکت گاز استان فارس میزان تحصیلات : دانشجوی دکترای مهندسی شیمی
سیدجواد,حسینی‌کیا,کرمانشاه,سنقرکلیایی,آقا,1430,34,1888,94,6,1770,1395,251,11,113,عضو کمیسیون صنایع و معادن,نایب رئیس اول کمیسیون صنایع و معادن,عضو کمیسیون صنایع و معادن,عضو کمیسیون صنایع و معادن,سوابق و فعالیت ها: - مدیر کل آموزش مؤسسه آموزشی و پژوهشی امام خمینی (ره) تحصیلات: - دروس خارج فقه و اصول - کارشناسی فلسفه
سیدعلی,یزدی‌خواه,تهران,اسلامشهر / تهران / ری / شمیرانات,آقا,1426,36,2046,84,16,1712,1282,343,6,81,عضو کمیسیون فرهنگی,عضو کمیسیون فرهنگی - عضو کمیسیون تلفیق,نایب رئیس دوم کمیسیون فرهنگی,نایب رئیس اول کمیسیون فرهنگی - عضو کمیسیون کمیسیون تلفیق برنامه هفتم,سوابق اجرایی : مدیرکل آموزش و پرورش شهرستان های استان تهران میزان تحصیلات : دکترای مدیریت فناوری
فرهاد,بشیری,تهران,پاکدشت,آقا,1419,37,2046,86,14,1755,1424,226,11,94,عضو کمیسیون آموزش و تحقیقات,عضو کمیسیون آموزش و تحقیقات,عضو کمیسیون آموزش و تحقیقات,عضو کمیسیون آموزش و تحقیقات,سوابق و فعالیت ها: - مشاور مدیر کل ارزیابی عملکرد وزارت آوزش و پرورش - نماینده دور هشتم مجلس شورای اسلامی تحصیلات: - لیسانس مشاوره و راهنمایی
علی اصغر,عنابستانی,خراسان رضوی,جغتای / جوین / سبزوار,آقا,1415,38,2046,88,12,1791,1190,423,8,170,عضو کمیسیون اجتماعی - عضو کمیسیون تدوین آیین‌نامه داخلی مجلس,دبیر اول کمیسیون تدوین آیین‌نامه داخلی مجلس - عضو کمیسیون اجتماعی,دبیر اول کمیسیون تدوین آیین‌نامه داخلی مجلس - عضو کمیسیون اجتماعی,دبیر دوم کمیسیون تدوین آیین‌نامه داخلی مجلس - عضو کمیسیون اجتماعی,سوابق اجرایی : فرماندار، استاندار میزان تحصیلات : کارشناسی ارشد حقوق
محمدتقی,نقدعلی,اصفهان,خمینی شهر,آقا,1411,39,2046,88,12,1806,1264,371,10,161,عضو کمیسیون کشاورزی،  آب و منابع طبیعی,عضو کمیسیون کشاورزی،  آب و منابع طبیعی,دبیر دوم کمیسیون قضایی و حقوقی - عضو کمیسیون تلفیق,,سوابق اجرایی : جانشین مدیر کل اوقاف و امور خیریه استان میزان تحصیلات : حوزوی
احد,آزادی‌خواه,همدان,ملایر,آقا,1409,40,2046,86,14,1755,1388,248,8,111,دبیر اول کمیسیون کشاورزی،  آب و منابع طبیعی,سخنگو کمیسیون کشاورزی،  آب و منابع طبیعی,,دبیر اول کمیسیون کشاورزی،  آب و منابع طبیعی,سوابق و فعالیت ها: - مدیر کل سازمان تبلیغات اسلامی تحصیلات: - دانشجوی سطح چهار (دکتری)
حسین,جلالی,کرمان,رفسنجان,آقا,1402,41,2046,83,17,1699,1304,266,20,109,دبیر اول کمیسیون فرهنگی,دبیر دوم کمیسیون فرهنگی,عضو کمیسیون فرهنگی,عضو کمیسیون فرهنگی,سوابق اجرایی : رئیس دفتر جناب آقای آیت الله مصباح میزان تحصیلات : دکترای حوزوی
سیدمحمدرضا,میرتاج‌الدینی,آذربایجان شرقی,آذر شهر / اسکو / تبریز,آقا,1400,42,2046,86,14,1754,1348,248,20,138,نایب رئیس دوم کمیسیون برنامه و بودجه و محاسبات,نایب رئیس دوم کمیسیون برنامه و بودجه و محاسبات - عضو کمیسیون تلفیق,عضو کمیسیون برنامه و بودجه و محاسبات - عضو کمیسیون تلفیق,عضو کمیسیون برنامه و بودجه و محاسبات,
غلامحسین,کرمی,بوشهر,دشتی و تنگستان,آقا,1392,43,2046,88,12,1807,1275,261,73,198,دبیر اول کمیسیون برنامه و بودجه و محاسبات,دبیر اول کمیسیون برنامه و بودجه و محاسبات,دبیر اول کمیسیون برنامه و بودجه و محاسبات,دبیر اول کمیسیون برنامه و بودجه و محاسبات,سوابق اجرایی : مدیرکل بازرسی، معاون اداری استانداری میزان تحصیلات : دکترای علوم اجتماعی
علی,حدادی,البرز,ساوجبلاغ / طالقان,آقا,1378,44,2046,81,19,1652,1201,288,58,105,سخنگو کمیسیون امور داخلی کشور و شوراها,عضو کمیسیون امور داخلی کشور و شوراها - عضو کمیسیون تلفیق,سخنگو کمیسیون امور داخلی کشور و شوراها,عضو کمیسیون امور داخلی کشور و شوراها,سوابق اجرایی : فرماندار سابق ساوجبلاغ میزان تحصیلات : کارشناسی ارشد فقه و حقوق اسلامی
علیرضا,نظری,مرکزی,خمین,آقا,1378,44,1869,90,10,1676,1330,316,5,25,عضو کمیسیون کشاورزی،  آب و منابع طبیعی,عضو کمیسیون کشاورزی،  آب و منابع طبیعی,عضو کمیسیون کشاورزی،  آب و منابع طبیعی,سخنگو کمیسیون کشاورزی،  آب و منابع طبیعی,سوابق اجرایی : بازنشسته سپاه میزان تحصیلات : کارشناسی ارشد علوم سیاسی
مجید,نصیرائی,خراسان جنوبی,بشرویه / سرایان / طبس / فردوس,آقا,1368,46,2046,84,16,1713,1324,298,2,89,سخنگو کمیسیون فرهنگی,سخنگو کمیسیون فرهنگی,عضو کمیسیون فرهنگی - عضو کمیسیون تلفیق,عضو کمیسیون فرهنگی,سوابق اجرایی : مدیر حوزه های علمیه استان میزان تحصیلات : سطح 3 حوزه
سیدصادق,طباطبایی‌نژاد,اصفهان,اردستان,آقا,1363,47,2046,83,17,1695,1260,313,22,100,دبیر دوم کمیسیون کشاورزی،  آب و منابع طبیعی,عضو کمیسیون کشاورزی،  آب و منابع طبیعی - عضو کمیسیون تلفیق,عضو کمیسیون کشاورزی،  آب و منابع طبیعی,,سوابق و فعالیت ها: - تدریس در حوزه علمیه قم و اصفهان تحصیلات: - دروس خارج فقه و اصول - کارشناسی ارشد تفسیر
عبدالحسین,روح‌الامینی‌نجف‌آبادی,تهران,اسلامشهر / تهران / ری / شمیرانات,آقا,1358,48,1888,89,11,1682,1291,329,5,57,عضو کمیسیون بهداشت و درمان,عضو کمیسیون بهداشت و درمان,عضو کمیسیون بهداشت و درمان,عضو کمیسیون بهداشت و درمان,سوابق اجرایی : هیات علمی علوم پزشکی-مشاور وزیر بهداشت و رئیس انستیتو پاستور میزان تحصیلات : دکترای فارماسیوتیکس
علی‌اصغر,باقرزاده,مازندران,بابلسر / فریدون کنار,آقا,1355,49,1888,89,11,1674,1312,311,3,48,نایب رئیس اول کمیسیون بهداشت و درمان - عضو کمیسیون تلفیق,دبیر اول کمیسیون تلفیق - عضو کمیسیون بهداشت و درمان,عضو کمیسیون تلفیق,نایب رئیس دوم کمیسیون بهداشت و درمان - عضو کمیسیون کمیسیون تلفیق برنامه هفتم,سوابق اجرایی : متخصص بیماریهای عفونی دانشگاه علوم پزشکی تهران میزان تحصیلات : دکتری تخصصی پزشکی
زهره‌سادات,لاجوردی,تهران,اسلامشهر / تهران / ری / شمیرانات,خانم,1350,50,1869,91,9,1699,1278,330,6,85,دبیر دوم کمیسیون فرهنگی,دبیر اول کمیسیون فرهنگی,دبیر دوم کمیسیون فرهنگی,دبیر دوم کمیسیون فرهنگی,سوابق اجرایی : مدیرکل مرکز امور زنان و خانواده ریاست جمهوری میزان تحصیلات : کارشناس ارشد الهیات
کیومرث,سرمدی‌واله,همدان,اسدآباد,آقا,1342,51,1888,89,11,1671,1206,281,43,141,عضو کمیسیون اجتماعی,عضو کمیسیون اجتماعی - عضو کمیسیون امور داخلی کشور و شوراها - عضو کمیسیون تلفیق,دبیر دوم کمیسیون اجتماعی,عضو کمیسیون اجتماعی,سوابق اجرایی : کارمند آموزش و پرورش میزان تحصیلات : کارشناسی ارشد
سارا,فلاحی,ایلام,ایلام,خانم,1335,52,1869,88,12,1644,1229,346,7,62,عضو کمیسیون امنیت ملی و سیاست خارجی,عضو کمیسیون امنیت ملی و سیاست خارجی - عضو کمیسیون تلفیق,عضو کمیسیون امنیت ملی و سیاست خارجی,عضو کمیسیون امنیت ملی و سیاست خارجی,سوابق اجرایی : هیات علمی دانشگاه آزاد میزان تحصیلات : دکترای علوم سیاسی
حسن,رزمیان‌مقدم,خراسان رضوی,درگز,آقا,1334,53,1869,87,13,1623,1244,252,107,20,,,عضو کمیسیون بهداشت و درمان,عضو کمیسیون بهداشت و درمان,
سیداحمد,رسولی‌نژاد,تهران,دماوند / فیروزکوه,آقا,1329,54,2046,86,14,1768,1328,236,16,188,نایب رئیس اول کمیسیون صنایع و معادن,نایب رئیس دوم کمیسیون صنایع و معادن,عضو کمیسیون صنایع و معادن,عضو کمیسیون صنایع و معادن,
احمد,راستینه‌هفشجانی,چهارمحال و بختیاری,شهرکرد,آقا,1328,55,2046,87,13,1788,1233,328,11,216,عضو کمیسیون فرهنگی - عضو کمیسیون تلفیق,عضو کمیسیون فرهنگی,سخنگو کمیسیون فرهنگی,سخنگو کمیسیون فرهنگی - عضو کمیسیون کمیسیون تلفیق برنامه هفتم,سوابق اجرایی : معاون بازرسی سپاه پاسداران میزان تحصیلات : دکترای علوم سیاسی
ولی‌اله,بیاتی,مرکزی,آشتیان / تفرش / فراهان,آقا,1322,56,1888,92,8,1745,1257,280,9,199,,عضو کمیسیون امور داخلی کشور و شوراها,عضو کمیسیون امور داخلی کشور و شوراها,سخنگو کمیسیون امور داخلی کشور و شوراها,تحصیلات دانشگاهی کارشناسی ارشد فقه و مبانی اسلامی
جعفر,قادری,فارس,شیراز,آقا,1316,57,1869,93,7,1734,1251,282,7,194,عضو کمیسیون برنامه و بودجه و محاسبات - عضو کمیسیون کمیسیون ویژه جهش و رونق تولید و نظارت بر اجرای اصل 44 قانون اساسی,عضو کمیسیون برنامه و بودجه و محاسبات - عضو کمیسیون تلفیق - عضو کمیسیون کمیسیون ویژه جهش و رونق تولید و نظارت بر اجرای اصل 44 قانون اساسی,نایب رئیس اول کمیسیون کمیسیون ویژه جهش و رونق تولید و نظارت بر اجرای اصل 44 قانون اساسی - عضو کمیسیون برنامه و بودجه و محاسبات,نایب رئیس اول کمیسیون کمیسیون ویژه جهش و رونق تولید و نظارت بر اجرای اصل 44 قانون اساسی - عضو کمیسیون کمیسیون تلفیق برنامه هفتم - عضو کمیسیون برنامه و بودجه و محاسبات,سوابق و فعالیت ها: - رئیس دانشگاه - شهردار - شورای شهر - معاون فرماندار تحصیلات: - دکترای اقتصاد شهری و منطقه ای
خلیل,بهروزی‌فر,گیلان,شفت / فومن,آقا,1311,58,1826,87,13,1595,1227,334,3,31,عضو کمیسیون اجتماعی,دبیر اول کمیسیون اجتماعی,عضو کمیسیون اجتماعی - عضو کمیسیون تلفیق,عضو کمیسیون اجتماعی,سوابق اجرایی : بازنشسته سپاه پاسداران، فرماندار اسبق تالش میزان تحصیلات : کارشناسی ارشد مدیریت دفاعی
فاطمه,قاسم‌پور,تهران,اسلامشهر / تهران / ری / شمیرانات,خانم,1303,59,2046,83,17,1708,1176,382,4,146,عضو کمیسیون اجتماعی - عضو کمیسیون تلفیق,عضو کمیسیون اجتماعی,عضو کمیسیون اجتماعی,عضو کمیسیون اجتماعی - عضو کمیسیون کمیسیون تلفیق برنامه هفتم,سوابق اجرایی : هیات علمی دانشگاه آزاد استادیار و مدیرگروه علوم اجتماعی مرکز تحقیقات میزان تحصیلات : دکترای فلسفه
جواد,نیک‌بین,خراسان رضوی,بردسکن / کاشمر,آقا,1292,60,2046,92,8,1883,952,450,6,475,عضو کمیسیون فرهنگی - عضو کمیسیون تلفیق,عضو کمیسیون فرهنگی,عضو کمیسیون فرهنگی,عضو کمیسیون فرهنگی,سوابق اجرایی : سرپرست حوزه علمیه کاشمر میزان تحصیلات : حوزوی
ابراهیم,رضایی,بوشهر,دشتستان,آقا,1291,61,2046,80,20,1628,1133,343,13,139,عضو کمیسیون امنیت ملی و سیاست خارجی,عضو کمیسیون امنیت ملی و سیاست خارجی,عضو کمیسیون امنیت ملی و سیاست خارجی - عضو کمیسیون تلفیق,عضو کمیسیون امنیت ملی و سیاست خارجی - عضو کمیسیون اصل نودم قانون اساسی مجلس,سوابق اجرایی : روزنامه نگار، مدرس دانشگاه میزان تحصیلات : دکترای علوم ارتباطات
حسین,امامی‌راد,خراسان رضوی,چناران,آقا,1290,62,2046,89,11,1812,1253,273,11,275,عضو کمیسیون آموزش و تحقیقات,عضو کمیسیون آموزش و تحقیقات - عضو کمیسیون امور داخلی کشور و شوراها,عضو کمیسیون آموزش و تحقیقات,عضو کمیسیون آموزش و تحقیقات,سوابق اجرایی : رئیس دفتر نماینده (دهقانی) میزان تحصیلات : دکترای ادبیات
مالک,شریعتی‌نیاسر,تهران,اسلامشهر / تهران / ری / شمیرانات,آقا,1285,63,2046,84,16,1728,1165,326,22,215,سخنگو کمیسیون انرژی - عضو کمیسیون تلفیق,عضو کمیسیون انرژی,سخنگو کمیسیون انرژی,عضو کمیسیون انرژی - عضو کمیسیون کمیسیون تلفیق برنامه هفتم,سوابق اجرایی : مدرس دانشگاه میزان تحصیلات : دکترای مهندسی سیستمهای انرژی
ابوالفضل,ابوترابی,اصفهان,نجف آباد,آقا,1271,64,1888,87,13,1636,1215,278,13,130,عضو کمیسیون امور داخلی کشور و شوراها,عضو کمیسیون امور داخلی کشور و شوراها,عضو کمیسیون امور داخلی کشور و شوراها,عضو کمیسیون امور داخلی کشور و شوراها - عضو کمیسیون کمیسیون تلفیق برنامه هفتم,سوابق و فعالیت ها : - دادستان شهرستان تیران و کرون تحصیلات : کارشناسی ارشد حقوق جزاء و جرم شناسی
مهدی,اسماعیلی,آذربایجان شرقی,میانه,آقا,1270,65,1888,89,11,1687,1198,280,50,159,عضو کمیسیون آموزش و تحقیقات - عضو کمیسیون تلفیق,عضو کمیسیون آموزش و تحقیقات,نایب رئیس اول کمیسیون آموزش و تحقیقات,نایب رئیس اول کمیسیون آموزش و تحقیقات,
روح اله,نجابت,فارس,شیراز,آقا,1264,66,2046,77,23,1567,1156,320,7,84,عضو کمیسیون امور داخلی کشور و شوراها,سخنگو کمیسیون امور داخلی کشور و شوراها - عضو کمیسیون تلفیق,دبیر دوم کمیسیون امور داخلی کشور و شوراها,عضو کمیسیون امور داخلی کشور و شوراها - عضو کمیسیون اصل نودم قانون اساسی مجلس,سوابق اجرایی : مشاور مرکز رسانه و نشر دانشگاه آزاد میزان تحصیلات : دانشجوی دکترای مطالعات منطقه‌ای- گرایش غرب آسیا و شمال آفریقا
هادی,بیگی‌نژاد,همدان,ملایر,آقا,1258,67,1869,84,16,1565,1190,332,2,41,دبیر اول کمیسیون انرژی,عضو کمیسیون انرژی - عضو کمیسیون تلفیق,عضو کمیسیون انرژی - عضو کمیسیون تلفیق,نایب رئیس دوم کمیسیون انرژی,سوابق اجرایی : هیات علمی دانشگاه ملایر میزان تحصیلات : دکترای شیمی
سیدکریم,حسینی,خوزستان,اهواز / باوی,آقا,1256,68,1869,90,10,1683,1155,316,17,195,,نایب رئیس دوم کمیسیون اجتماعی,عضو کمیسیون اجتماعی,عضو کمیسیون اجتماعی - عضو کمیسیون کمیسیون تلفیق برنامه هفتم,سوابق اجرایی : معاون سیاسی استاندار میزان تحصیلات : دکترای پزشکی
علی‌اکبر,بسطامی,ایلام,ایلام,آقا,1255,69,2046,82,18,1679,1188,279,16,196,عضو کمیسیون اجتماعی - عضو کمیسیون تلفیق,عضو کمیسیون اجتماعی,عضو کمیسیون اجتماعی - عضو کمیسیون تلفیق,دبیر دوم کمیسیون اجتماعی,سوابق اجرایی : مدیرکل پارلمانی کمیته امداد میزان تحصیلات : فوق لیسانس مدیریت
سیدمسعود,خاتمی,اصفهان,خوانسار / گلپایگان,آقا,1237,70,2046,80,20,1631,1166,214,16,235,,عضو کمیسیون بهداشت و درمان,عضو کمیسیون بهداشت و درمان,عضو کمیسیون بهداشت و درمان,سوابق اجرایی : پزشک میزان تحصیلات : دکترای پزشکی
سیدمحمد,پاک‌مهر,خراسان شمالی,بجنورد / جاجرم / سملقان,آقا,1234,71,1888,85,15,1610,1259,227,9,115,نایب رئیس دوم کمیسیون بهداشت و درمان - عضو کمیسیون تلفیق,نایب رئیس دوم کمیسیون بهداشت و درمان,,نایب رئیس اول کمیسیون بهداشت و درمان,سوابق اجرایی : فرماندار بجنورد میزان تحصیلات : دکترای پزشکی
الهام,آزاد,اصفهان,نائین,خانم,1224,72,2046,75,25,1539,1207,273,12,47,دبیر اول کمیسیون اصل نودم قانون اساسی مجلس,,دبیر اول کمیسیون اصل نودم قانون اساسی مجلس,دبیر اول کمیسیون اصل نودم قانون اساسی مجلس,سوابق اجرایی : استاد دانشگاه و وکیل دادگستری میزان تحصیلات : کارشناسی ارشد حقوق بین الملل
محمد,علیپور,آذربایجان غربی,چالدران / ماکو,آقا,1217,73,1888,83,17,1561,1121,265,66,109,عضو کمیسیون اقتصادی,عضو کمیسیون اقتصادی - عضو کمیسیون تلفیق,عضو کمیسیون اقتصادی,عضو کمیسیون اقتصادی,سوابق و فعالیت ها: - ریاست اداره اطلاعات شهرستان ماکو - مدیر کل امنیتی استانداری آذربایجان غربی تحصیلات: - کارشناسی ارشد مدیریت دولتی
نصرالله,پژمان‌فر,خراسان رضوی,کلات / مشهد,آقا,1217,73,2046,74,26,1507,1073,254,111,69,رئیس کمیسیون اصل نودم قانون اساسی مجلس - عضو کمیسیون تدوین آیین‌نامه داخلی مجلس,عضو کمیسیون تدوین آیین‌نامه داخلی مجلس,رئیس کمیسیون اصل نودم قانون اساسی مجلس - عضو کمیسیون تدوین آیین‌نامه داخلی مجلس,رئیس کمیسیون اصل نودم قانون اساسی مجلس - عضو کمیسیون تدوین آیین‌نامه داخلی مجلس,سوابق و فعالیت ها: - معاون آموزش و پژوهشی حوزه علمیه خراسان - معاون فرهنگی جامعه المصطفی العالمیه تحصیلات: - دوازده سال دروس خارج فقه و اصول
عباس,گودرزی,لرستان,بروجرد,آقا,1214,75,1888,87,13,1651,1162,276,21,192,نایب رئیس دوم کمیسیون اجتماعی,عضو کمیسیون اجتماعی,نایب رئیس دوم کمیسیون اجتماعی,نایب رئیس دوم کمیسیون اجتماعی,سوابق و فعالیت ها : -مدیر کل پشتیبانی سازمان میراث فرهنگی کشور -مشاور رییس مجمع نمایندگان استان لرستان در مجلس شورای اسلامی تحصیلات: کارشناسی ارشد علوم سیاسی -کارشناسی مهندسی فیزیک
غلامحسین,رضوانی,تهران,اسلامشهر / تهران / ری / شمیرانات,آقا,1211,76,1869,82,18,1538,771,250,380,137,,عضو کمیسیون تلفیق,عضو کمیسیون بهداشت و درمان,عضو کمیسیون بهداشت و درمان - عضو کمیسیون کمیسیون تلفیق برنامه هفتم,سوابق اجرایی : عضو هیات علمی دانشگاه امیرکبیر میزان تحصیلات : فوق لیسانس مهندسی برق
محمدصالح,جوکار,یزد,یزد,آقا,1209,77,1888,92,8,1744,1108,306,23,307,رئیس کمیسیون امور داخلی کشور و شوراها,رئیس کمیسیون امور داخلی کشور و شوراها,رئیس کمیسیون امور داخلی کشور و شوراها,رئیس کمیسیون امور داخلی کشور و شوراها,سوابق و تحصیلات : - رئیس سازمان بسیج دانش آموزی و فرهنگیان کشور تحصیلات : - کارشناسی ارشد بافت شناسی
احمدحسین,فلاحی,همدان,همدان,آقا,1205,78,1869,84,16,1567,1126,140,131,170,سخنگو کمیسیون آموزش و تحقیقات,عضو کمیسیون آموزش و تحقیقات,عضو کمیسیون آموزش و تحقیقات,سخنگو کمیسیون آموزش و تحقیقات,سوابق اجرایی : هیات علمی پیام نور-مدیر فرهنگی دانشگاه پیام نور همدان میزان تحصیلات : دکترای تخصصی کلام اسلامی
علی اکبر,کریمی,مرکزی,اراک / خنداب / کمیجان,آقا,1193,79,2046,82,18,1674,1143,275,16,240,عضو کمیسیون صنایع و معادن - عضو کمیسیون کمیسیون ویژه جهش و رونق تولید و نظارت بر اجرای اصل 44 قانون اساسی,عضو کمیسیون صنایع و معادن - عضو کمیسیون کمیسیون ویژه جهش و رونق تولید و نظارت بر اجرای اصل 44 قانون اساسی,عضو کمیسیون کمیسیون ویژه جهش و رونق تولید و نظارت بر اجرای اصل 44 قانون اساسی,عضو کمیسیون اصل نودم قانون اساسی مجلس - عضو کمیسیون کمیسیون ویژه جهش و رونق تولید و نظارت بر اجرای اصل 44 قانون اساسی,سوابق و فعالیت ها : -معاون هماهنگی امور عمرانی استانداری زنجان تحصیلات: -دکتری مدیریت استراتژیک -کارشناسی ارشد اقتصاد
علی,علیزاده,آذربایجان شرقی,عجب شیر / مراغه,آقا,1192,80,1850,91,9,1691,622,323,381,365,دبیر دوم کمیسیون امنیت ملی و سیاست خارجی,دبیر اول کمیسیون امنیت ملی و سیاست خارجی,دبیر اول کمیسیون امنیت ملی و سیاست خارجی,دبیر دوم کمیسیون امنیت ملی و سیاست خارجی,سوابق و فعالیت ها: -مشاور معاون استاندار تهران و فرماندار ویژه کرج تحصیلات: - دکترای علوم سیاسی
مهدی,باقری,زنجان,زنجان / طارم,آقا,1192,80,1888,76,24,1444,1010,226,57,151,,دبیر دوم کمیسیون قضایی و حقوقی,,,
مجید,ناصری‌نژاد,خوزستان,شادگان,آقا,1191,82,2046,80,20,1639,1066,232,28,313,عضو کمیسیون انرژی,عضو کمیسیون انرژی,,,
مهرداد,ویس‌کرمی,لرستان,خرم‌آباد,آقا,1189,83,1888,83,17,1566,1056,333,14,163,عضو کمیسیون آموزش و تحقیقات,عضو کمیسیون آموزش و تحقیقات,عضو کمیسیون آموزش و تحقیقات,عضو کمیسیون آموزش و تحقیقات,سوابق اجرایی : استاد دانشگاه میزان تحصیلات : دکترای پزشکی
رمضانعلی,سنگدوینی,گلستان,آق قلا / گرگان,آقا,1187,84,1888,91,9,1715,1193,216,19,287,عضو کمیسیون انرژی - عضو کمیسیون تلفیق,عضو کمیسیون انرژی,عضو کمیسیون انرژی,دبیر دوم کمیسیون کمیسیون تلفیق برنامه هفتم - عضو کمیسیون انرژی,سوابق اجرایی : مدیرعامل اسبق شرکت گاز استان گلستان میزان تحصیلات : کاشناسی ارشد مدیریت دولتی
روح‌الله,حضرت‌پورطلاتپه,آذربایجان غربی,ارومیه,آقا,1186,85,2046,75,25,1532,1149,198,25,160,عضو کمیسیون امنیت ملی و سیاست خارجی,عضو کمیسیون امنیت ملی و سیاست خارجی,عضو کمیسیون امنیت ملی و سیاست خارجی,عضو کمیسیون امنیت ملی و سیاست خارجی,سوابق و فعالیت ها: - عضو شورای اسلامی شهر ارومیه تحصیلات: - کارشناسی ارشد حقوق بین الملل
یحیی,ابراهیمی,لرستان,دلفان / سلسله,آقا,1171,86,1869,82,18,1534,1148,183,8,195,عضو کمیسیون بهداشت و درمان,عضو کمیسیون بهداشت و درمان,,,سوابق اجرایی : پزشک قلب و عروق میزان تحصیلات : دکترای پزشکی
سهراب,گیلانی,خوزستان,شوشتر / گتوند,آقا,1171,86,2046,65,35,1330,976,241,7,106,عضو کمیسیون انرژی - عضو کمیسیون تلفیق,عضو کمیسیون انرژی - عضو کمیسیون تلفیق,نایب رئیس دوم کمیسیون انرژی,عضو کمیسیون انرژی,سوابق و فعالیت ها : -معاون برنامه و بودجه بسیج کشور تحصیلات: -کارشناسی ارشد مدیریت
عبدالکریم,جمیری,بوشهر,بندر دیلم / بوشهر / گناوه,آقا,1166,88,1888,89,11,1679,985,367,38,289,عضو کمیسیون انرژی,عضو کمیسیون انرژی,عضو کمیسیون انرژی,عضو کمیسیون انرژی,سوابق و فعالیت ها : - فرهنگی - مدرس مراکز آموزش عالی تحصیلات : - فوق لیسانس حقوق
محمدباقر,قالیباف,تهران,اسلامشهر / تهران / ری / شمیرانات,آقا,1160,89,2046,74,26,1504,1022,236,26,220,عضو کمیسیون امور داخلی کشور و شوراها,عضو کمیسیون امور داخلی کشور و شوراها,عضو کمیسیون امور داخلی کشور و شوراها,عضو کمیسیون امور داخلی کشور و شوراها,سوابق اجرایی : هیات علمی دانشگاه تهران- شهردار تهران میزان تحصیلات : دکترای جغرافیای سیاسی
علیرضا,پاک‌فطرت,فارس,شیراز,آقا,1152,90,1888,83,17,1564,1055,209,102,198,عضو کمیسیون آموزش و تحقیقات,عضو کمیسیون آموزش و تحقیقات,عضو کمیسیون آموزش و تحقیقات,عضو کمیسیون آموزش و تحقیقات,سوابق اجرایی : شهردار شیراز مدیرکل دفتر فنی استانداری بوشهر مدیرکل دفتر فنی استانداری کهگیلویه و بویراحمد مدیرکل دفتر فنی استانداری خوزستان میزان تحصیلات : لیسانس مهندسی عمران-راه و ساختمان فوق لیسانس شهرسازی-برنامه ریزی شهری و منطقه‌ای دکترای علوم جغرافیایی و برنامه ریزی شهری-شهرسازی تالیفات: نوشتن بیش از 25 مقاله در زمینه شهرسازی- برنامه ریزی شهری و مدیریت شهری تالیف شش کتاب در مورد مدیریت شهری و شهرسازی
رحمت‌الله,نوروزی,گلستان,علی‌آباد کتول,آقا,1147,91,1888,76,24,1426,986,301,9,130,عضو کمیسیون کشاورزی،  آب و منابع طبیعی - عضو کمیسیون تلفیق,دبیر دوم کمیسیون تلفیق - عضو کمیسیون کشاورزی،  آب و منابع طبیعی,نایب رئیس اول کمیسیون کشاورزی،  آب و منابع طبیعی,نایب رئیس اول کمیسیون کشاورزی،  آب و منابع طبیعی,سوابق و فعالیت ها : - مدیر کل کار و امور اجتماعی استان تحصیلات : - کارشناسی ارشد تاریخ
علی اکبر,علیزاده‌برمی,سمنان,دامغان,آقا,1145,92,1888,76,24,1429,1067,256,41,65,عضو کمیسیون کشاورزی،  آب و منابع طبیعی,دبیر اول کمیسیون کشاورزی،  آب و منابع طبیعی,عضو کمیسیون کشاورزی،  آب و منابع طبیعی,عضو کمیسیون کشاورزی،  آب و منابع طبیعی,سوابق اجرایی : بازنشسته سپاه پاسداران میزان تحصیلات : دکترای علوم دفاعی
سیدمرتضی,حسینی,آذربایجان شرقی,میانه,آقا,1134,93,2046,87,13,1783,945,271,113,454,,,,,
کمال,حسین‌پور,آذربایجان غربی,پیرانشهر / سردشت,آقا,1134,93,2046,74,26,1506,1033,180,70,223,عضو کمیسیون عمران,عضو کمیسیون عمران,عضو کمیسیون عمران,عضو کمیسیون عمران,سوابق و فعالیت ها: -مدیر شرکت راهسازی آذر تحصیلات: - کارشناسی ارشد مدیریت MBA با گرایش مالی
محمدحسین,حسین‌زاده‌بحرینی,خراسان رضوی,کلات / مشهد,آقا,1131,95,2046,72,28,1476,1049,223,17,187,رئیس کمیسیون تدوین آیین‌نامه داخلی مجلس - عضو کمیسیون اقتصادی - عضو کمیسیون تلفیق,رئیس کمیسیون تدوین آیین‌نامه داخلی مجلس - عضو کمیسیون اقتصادی,رئیس کمیسیون تدوین آیین‌نامه داخلی مجلس - عضو کمیسیون اقتصادی,رئیس کمیسیون تدوین آیین‌نامه داخلی مجلس - عضو کمیسیون اقتصادی - عضو کمیسیون کمیسیون تلفیق برنامه هفتم,سوابق و فعالیت ها: - عضو هیأت علمی دانشکده اقتصاد دانشگاه فردوسی مشهد - رئیس پژوهشکده مطالعات اسلامی در علوم انسانی تحصیلات: - سطح عالی دروس خارج فقه و اصول - دکتری اقتصاد (گرایش اقتصاد ایران و اقتصاد بین الملل)
جواد,کریمی‌قدوسی,خراسان رضوی,کلات / مشهد,آقا,1129,96,2046,73,27,1503,1068,216,28,191,عضو کمیسیون امنیت ملی و سیاست خارجی - عضو کمیسیون تدوین آیین‌نامه داخلی مجلس,عضو کمیسیون تدوین آیین‌نامه داخلی مجلس - عضو کمیسیون امنیت ملی و سیاست خارجی,عضو کمیسیون امنیت ملی و سیاست خارجی - عضو کمیسیون تدوین آیین‌نامه داخلی مجلس,عضو کمیسیون امنیت ملی و سیاست خارجی - عضو کمیسیون تدوین آیین‌نامه داخلی مجلس,سوابق و فعالیت ها: - فرمانده بسیج خراسان رضوی تحصیلات: - کارشناسی ارشد حقوق
رضا,آریان‌پور,گلستان,کلاله / مینودشت,آقا,1126,97,1888,86,14,1618,1034,216,58,310,عضو کمیسیون بهداشت و درمان,دبیر دوم کمیسیون بهداشت و درمان,دبیر دوم کمیسیون بهداشت و درمان - عضو کمیسیون تلفیق,دبیر دوم کمیسیون بهداشت و درمان,سوابق اجرایی : رئیس بیمارستان پیامبر اعظم (ص) گنبدکاووس میزان تحصیلات : دکترای پزشکی متخصص قلب و عروق
مجتبی,توانگر,تهران,اسلامشهر / تهران / ری / شمیرانات,آقا,1110,98,1826,89,11,1621,991,291,6,333,عضو کمیسیون اقتصادی - عضو کمیسیون تلفیق,عضو کمیسیون اقتصادی,عضو کمیسیون اقتصادی,عضو کمیسیون اقتصادی,سوابق اجرایی : سرپرست مرکز رسانه و نشر علمی دانشگاه آزاد میزان تحصیلات : کارشناسی ارشد اقتصاد انرژی
عباس,گلرو,سمنان,سمنان,آقا,1099,99,1888,77,23,1459,1146,190,13,110,عضو کمیسیون امنیت ملی و سیاست خارجی,عضو کمیسیون امنیت ملی و سیاست خارجی,عضو کمیسیون امنیت ملی و سیاست خارجی,عضو کمیسیون امنیت ملی و سیاست خارجی,سوابق اجرایی : نماتینده ایران در سازمان ملل میزان تحصیلات : دکترای علوم سیاسی
علی,جدی,خراسان شمالی,شیروان,آقا,1096,100,1888,79,21,1490,1073,227,2,188,نایب رئیس دوم کمیسیون صنایع و معادن,عضو کمیسیون صنایع و معادن,نایب رئیس اول کمیسیون صنایع و معادن,نایب رئیس دوم کمیسیون صنایع و معادن,سوابق اجرایی : رئیس دانشگاه کشاورزی میزان تحصیلات : دکترای مدیریت
زهرا,شیخی‌,اصفهان,اصفهان,خانم,1094,101,1888,78,22,1476,1076,270,9,121,سخنگو کمیسیون بهداشت و درمان,سخنگو کمیسیون بهداشت و درمان,سخنگو کمیسیون بهداشت و درمان,عضو کمیسیون بهداشت و درمان,سوابق اجرایی : - رئیس پژوهشکده سرطان - عضو هیئت علمی میزان تحصیلات : پسادکتری لنفولوژی پزشک؛ لنفولوژیست و متخصص طب ایرانی
علی,آذری,خراسان رضوی,فاروج / قوچان,آقا,1092,102,1878,79,21,1486,1097,173,5,211,عضو کمیسیون عمران,نایب رئیس اول کمیسیون تحقیق,عضو کمیسیون عمران,عضو کمیسیون عمران - عضو کمیسیون امنیت ملی و سیاست خارجی,سوابق اجرایی : رئیس دادگستری فریمان میزان تحصیلات : دانشجوی دکتری جزا و جرم شناسی
رسول,فرخی‌میکال,گیلان,لاهیجان,آقا,1087,103,1888,82,18,1541,1141,174,12,214,عضو کمیسیون امنیت ملی و سیاست خارجی,دبیر اول کمیسیون امور داخلی کشور و شوراها,دبیر اول کمیسیون امور داخلی کشور و شوراها,دبیر دوم کمیسیون امور داخلی کشور و شوراها,سوابق اجرایی : معاون اداره کل بازرسی و مدیریت عملکرد استانداری گیلان میزان تحصیلات : دکترای مدیریت کسب و کار
سیدمحسن,دهنوی,تهران,اسلامشهر / تهران / ری / شمیرانات,آقا,1086,104,1869,82,18,1530,953,164,156,257,نایب رئیس اول کمیسیون تلفیق - عضو کمیسیون صنایع و معادن,نایب رئیس اول کمیسیون تلفیق - عضو کمیسیون صنایع و معادن,نایب رئیس اول کمیسیون تلفیق - عضو کمیسیون صنایع و معادن,عضو کمیسیون صنایع و معادن,سوابق اجرایی : عضو هیات علمی شهیدبهشتی میزان تحصیلات : دکترای نانوبیوتکنولوژی
محمدرضا,صباغیان‌بافقی,یزد,ابرکوه / بافق / خاتم / مهریز,آقا,1084,105,1878,71,29,1335,760,412,31,132,عضو کمیسیون امور داخلی کشور و شوراها,نایب رئیس دوم کمیسیون امور داخلی کشور و شوراها,عضو کمیسیون امور داخلی کشور و شوراها - عضو کمیسیون تلفیق,عضو کمیسیون امور داخلی کشور و شوراها,سوابق و فعالیت ها: - دبیر آموزش و پرورش تحصیلات: - کارشناسی ارشد علوم سیاسی
سیدحمزه,امینی,آذربایجان شرقی,هشترود,آقا,1081,106,1826,75,25,1378,1030,270,4,74,,عضو کمیسیون عمران,عضو کمیسیون اجتماعی,عضو کمیسیون اجتماعی,سوابق و فعالیت ها: -دبیر آموزش و پرورش تحصیلات: - کارشناسی ارشد ادبیات
پرویز,اوسطی,کردستان,دهگلان / قروه,آقا,1077,107,1826,74,26,1358,939,229,10,180,عضو کمیسیون کشاورزی،  آب و منابع طبیعی,نایب رئیس اول کمیسیون کشاورزی،  آب و منابع طبیعی,عضو کمیسیون کشاورزی،  آب و منابع طبیعی - عضو کمیسیون تلفیق,عضو کمیسیون کشاورزی،  آب و منابع طبیعی,سوابق اجرایی : رئیس جهاد کشاورزی قروه میزان تحصیلات : فوق لیسانس
فداحسین,مالکی,سیستان و بلوچستان,زاهدان,آقا,1075,108,1869,77,23,1433,570,137,441,285,عضو کمیسیون امنیت ملی و سیاست خارجی,عضو کمیسیون امنیت ملی و سیاست خارجی - عضو کمیسیون تلفیق,عضو کمیسیون امنیت ملی و سیاست خارجی,عضو کمیسیون امنیت ملی و سیاست خارجی,سوابق اجرایی : سفیر ایران در افغانستان و رئیس ستاد مبارزه با قاچاق کالا و ارز میزان تحصیلات : دکترای علوم سیاسی
عباس,مقتدایی,اصفهان,اصفهان,آقا,1075,108,2046,69,31,1421,1144,142,11,124,نایب رئیس اول کمیسیون امنیت ملی و سیاست خارجی,نایب رئیس دوم کمیسیون امنیت ملی و سیاست خارجی,نایب رئیس دوم کمیسیون امنیت ملی و سیاست خارجی,عضو کمیسیون امنیت ملی و سیاست خارجی,سوابق و فعالیت ها : - عضو هئیت علمی دانشگاه - روزنامه نگار تحصیلات : - دکترای تخصصی روابط بین الملل
ابراهیم,نجفی,گیلان,آستانه اشرفیه,آقا,1064,110,1797,81,19,1449,887,187,140,235,عضو کمیسیون عمران,عضو کمیسیون عمران,عضو کمیسیون عمران,عضو کمیسیون عمران,
روح‌الله,عباسپور,قزوین,آوج / بوئین زهرا,آقا,1062,111,1869,85,15,1592,1082,177,21,312,عضو کمیسیون صنایع و معادن,سخنگو کمیسیون صنایع و معادن,سخنگو کمیسیون صنایع و معادن,سخنگو کمیسیون صنایع و معادن,سوابق و فعالیت ها: - فرماندار - کارشناس ارشد اقتصادی - کارشناس صنایع استانداری تحصیلات: لیسانس مدیریت برنامه ریزی آموزشی
حسن,محمدیاری,گیلان,تالش / رضوانشهر,آقا,1053,112,1826,76,24,1387,857,156,187,187,,عضو کمیسیون تلفیق,,,سوابق اجرایی : قاضی بازنشسته-وکیل دادگستری میزان تحصیلات : دکترای حقوق بین الملل
سیدغنی,نظری‌خانقاه,اردبیل,خلخال / کوثر,آقا,1051,113,2046,73,27,1503,933,219,13,338,دبیر دوم کمیسیون اقتصادی,عضو کمیسیون اقتصادی - عضو کمیسیون تلفیق,دبیر اول کمیسیون اقتصادی,دبیر دوم کمیسیون اقتصادی - عضو کمیسیون اصل نودم قانون اساسی مجلس,سوابق اجرایی : معاون اداری مالی دانشگاه پیام نور استان میزان تحصیلات : دکتری حقوق جزا و جرم شناسی از دانشگاه دولتی ارومیه
هاجر,چنارانی,خراسان رضوی,زبرخان / فیروزه / نیشابور,خانم,1044,114,1869,81,19,1515,1128,150,6,231,دبیر اول کمیسیون قضایی و حقوقی,دبیر اول کمیسیون قضایی و حقوقی - عضو کمیسیون اصل نودم قانون اساسی مجلس,دبیر اول کمیسیون قضایی و حقوقی,عضو کمیسیون کمیسیون تلفیق برنامه هفتم - عضو کمیسیون اصل نودم قانون اساسی مجلس,سوابق و فعالیت ها: - استاد دانشگاه - فرهنگی تحصیلات: - کارشناسی ارشد جامعه شناسی
مصطفی,طاهری,زنجان,زنجان / طارم,آقا,1044,114,1888,76,24,1436,989,302,4,141,عضو کمیسیون صنایع و معادن - عضو کمیسیون تلفیق,عضو کمیسیون صنایع و معادن,رئیس کمیسیون صنایع و معادن,عضو کمیسیون صنایع و معادن,سوابق اجرایی : هیات علمی تحصیلات تکمیلی میزان تحصیلات : دکترای برق
لطف‌الله,سیاهکلی,قزوین,قزوین,آقا,1043,116,1869,79,21,1473,1012,182,9,270,عضو کمیسیون صنایع و معادن,عضو کمیسیون صنایع و معادن,عضو کمیسیون صنایع و معادن,عضو کمیسیون صنایع و معادن,سوابق اجرایی : معاون صدا و سیما میزان تحصیلات : کارشناسی ارشد مدیریت بحران
صدیف,بدری,اردبیل,اردبیل / سرعین / نمین / نیر,آقا,1041,117,2046,72,28,1475,796,381,19,279,عضو کمیسیون عمران - عضو کمیسیون کمیسیون ویژه جهش و رونق تولید و نظارت بر اجرای اصل 44 قانون اساسی,نایب رئیس دوم کمیسیون عمران - دبیر اول کمیسیون کمیسیون ویژه جهش و رونق تولید و نظارت بر اجرای اصل 44 قانون اساسی,نایب رئیس دوم کمیسیون عمران - دبیر اول کمیسیون کمیسیون ویژه جهش و رونق تولید و نظارت بر اجرای اصل 44 قانون اساسی,دبیر دوم کمیسیون کمیسیون ویژه جهش و رونق تولید و نظارت بر اجرای اصل 44 قانون اساسی - عضو کمیسیون عمران,سوابق و فعالیت ها: - شهردار اردبیل تحصیلات: - کارشناسی ارشد مهندسی عمران، سازه
امان‌الله,حسین‌پور,خراسان شمالی,اسفراین,آقا,1038,118,1826,72,28,1320,1028,175,6,111,عضو کمیسیون کشاورزی،  آب و منابع طبیعی,عضو کمیسیون کشاورزی،  آب و منابع طبیعی,عضو کمیسیون کشاورزی،  آب و منابع طبیعی - عضو کمیسیون تلفیق,دبیر دوم کمیسیون کشاورزی،  آب و منابع طبیعی,سوابق اجرایی : مدیرکل کمیته امداد خراسان شمالی و گلستان میزان تحصیلات : کارشناسی
سیدمحمد,موحد,کهگیلویه و بویراحمد,بهمئی / کهگیلویه,آقا,1035,119,1797,74,26,1329,814,95,295,125,نایب رئیس اول کمیسیون قضایی و حقوقی,نایب رئیس اول کمیسیون قضایی و حقوقی - عضو کمیسیون تلفیق,نایب رئیس اول کمیسیون قضایی و حقوقی,,
احمد,مرادی,هرمزگان,ابوموسی / بندرعباس,آقا,1030,120,2046,60,40,1235,1010,212,3,10,نایب رئیس دوم کمیسیون انرژی,نایب رئیس دوم کمیسیون انرژی,عضو کمیسیون انرژی,نایب رئیس اول کمیسیون انرژی,سوابق و فعالیت ها : -فرماندار شهرستان بندر عباس تحصیلات: -کارشناسی ارشد حقوق عمومی
امیرقلی,جعفری‌بروجنی,چهارمحال و بختیاری,بروجن,آقا,1026,121,1826,79,21,1437,974,250,10,203,عضو کمیسیون کشاورزی،  آب و منابع طبیعی,عضو کمیسیون کشاورزی،  آب و منابع طبیعی,عضو کمیسیون کشاورزی،  آب و منابع طبیعی,عضو کمیسیون کشاورزی،  آب و منابع طبیعی - عضو کمیسیون کمیسیون تلفیق برنامه هفتم,سوابق اجرایی : مسئول نهاد رهبری دانشگاه شهرکرد میزان تحصیلات : دکترای حوزوی
حسین,گودرزی,لرستان,ازنا / دورود,آقا,1024,122,1578,90,10,1414,859,160,205,190,عضو کمیسیون اجتماعی,عضو کمیسیون اجتماعی,عضو کمیسیون اجتماعی,سخنگو کمیسیون اجتماعی,سوابق اجرایی : رییس مرکز پژوهش های اسلامی سازمان صدا و سیما میزان تحصیلات : دکترای حقوق
محمدمهدی,فروردین,فارس,فیروزآباد,آقا,1023,123,1888,83,17,1566,1082,162,32,290,عضو کمیسیون آموزش و تحقیقات,عضو کمیسیون آموزش و تحقیقات,عضو کمیسیون آموزش و تحقیقات,عضو کمیسیون آموزش و تحقیقات,سوابق اجرایی : استاد دانشگاه میزان تحصیلات : دانشجوی دکترای مدیریت
سیدمحمد,مولوی,خوزستان,آبادان,آقا,1021,124,2046,60,40,1231,994,173,18,46,نایب رئیس دوم کمیسیون آموزش و تحقیقات,نایب رئیس دوم کمیسیون آموزش و تحقیقات,نایب رئیس دوم کمیسیون آموزش و تحقیقات,عضو کمیسیون آموزش و تحقیقات,سوابق اجرایی : معاون فرمانداری آبادان میزان تحصیلات : کارشناسی ارشد ادبیات عرب
احمد,نادری,تهران,اسلامشهر / تهران / ری / شمیرانات,آقا,1017,125,1888,89,11,1686,957,215,49,465,عضو کمیسیون آموزش و تحقیقات,نایب رئیس اول کمیسیون آموزش و تحقیقات,عضو کمیسیون آموزش و تحقیقات,عضو کمیسیون آموزش و تحقیقات - عضو کمیسیون کمیسیون تلفیق برنامه هفتم,سوابق اجرایی : هیات علمی دانشگاه تهران- ریاست جهاد دانشگاهی واحد تهران میزان تحصیلات : دکترای علوم اجتماعی از برلین
ولی‌الله,فرزانه,مازندران,محمود آباد / نور,آقا,1008,126,1869,72,28,1343,931,243,12,157,عضو کمیسیون برنامه و بودجه و محاسبات,دبیر دوم کمیسیون برنامه و بودجه و محاسبات,دبیر دوم کمیسیون برنامه و بودجه و محاسبات,دبیر دوم کمیسیون برنامه و بودجه و محاسبات,سوابق اجرایی : معاون استاندار و رئیس سازمان برنامه بودجه میزان تحصیلات : فوق لیسانس
مرتضی,آقاطهرانی,تهران,اسلامشهر / تهران / ری / شمیرانات,آقا,1006,127,1826,77,23,1407,996,223,43,145,رئیس کمیسیون فرهنگی,رئیس کمیسیون فرهنگی,رئیس کمیسیون فرهنگی,رئیس کمیسیون فرهنگی,سوابق و فعالیت ها: - تدریس در حوزه های علمیه - امام جمعه - نماینده دور هشتم مجلس شورای اسلامی تحصیلات: - در علوم حوزه (اجتهاد) - دکترای فلسفه و عرفان - فوق لیسانس مطالعات اسلامی - فوق لیسانس عرفان
سیدجلیل,میرمحمدی‌میبدی,یزد,تفت / میبد,آقا,1001,128,2046,72,28,1477,997,232,12,236,عضو کمیسیون بهداشت و درمان - عضو کمیسیون تلفیق,نایب رئیس اول کمیسیون بهداشت و درمان - عضو کمیسیون تلفیق,نایب رئیس دوم کمیسیون بهداشت و درمان - عضو کمیسیون اصل نودم قانون اساسی مجلس - عضو کمیسیون تلفیق,عضو کمیسیون بهداشت و درمان - عضو کمیسیون اصل نودم قانون اساسی مجلس,سوابق اجرایی : هیات علمی -رئیس دانشگاه علوم پزشکی یزد میزان تحصیلات : دکترای پزشکی
غلامرضا,منتظری,گلستان,آق قلا / گرگان,آقا,1001,128,2046,69,31,1406,1022,185,29,170,نایب رئیس دوم کمیسیون فرهنگی,نایب رئیس دوم کمیسیون فرهنگی,عضو کمیسیون فرهنگی,عضو کمیسیون فرهنگی,سوابق اجرایی : مدیرکل اسبق فرهنگ و ارشاد اسلامی استان میزان تحصیلات : دکترای فرهنگ و تمدن اسلامی
سیدحمیدرضا,کاظمی,لرستان,پلدختر,آقا,1000,130,1869,76,24,1428,989,201,15,223,عضو کمیسیون امور داخلی کشور و شوراها,عضو کمیسیون امور داخلی کشور و شوراها,نایب رئیس اول کمیسیون امور داخلی کشور و شوراها,نایب رئیس اول کمیسیون امور داخلی کشور و شوراها,سوابق و فعالیت ها : -مشاور وزیر دادگستری تحصیلات: -کارشناسی ارشد علوم سیاسی
رحمت‌الله,فیروزی‌پور بادی,اصفهان,نطنز,آقا,995,131,1878,75,25,1401,916,89,123,273,عضو کمیسیون عمران,عضو کمیسیون عمران,عضو کمیسیون عمران,عضو کمیسیون عمران,سوابق اجرایی : مشاور پارلمانی و بازرش ویژه شرکت فرودگاهها میزان تحصیلات : کارشناسی ارشد مدیریت دولتی
اقبال,شاکری,تهران,اسلامشهر / تهران / ری / شمیرانات,آقا,985,132,2046,66,34,1350,989,196,16,149,عضو کمیسیون عمران,عضو کمیسیون عمران,عضو کمیسیون عمران,عضو کمیسیون عمران - عضو کمیسیون کمیسیون تلفیق برنامه هفتم,سوابق اجرایی : عضو هیأت علمی دانشگاه صنعتی امیر کبیر میزان تحصیلات : دکترای مهندسی عمران
حسین,نوش‌آبادی,تهران,ورامین,آقا,971,133,1869,81,19,1511,956,150,121,284,عضو کمیسیون امنیت ملی و سیاست خارجی,عضو کمیسیون امنیت ملی و سیاست خارجی,عضو کمیسیون امنیت ملی و سیاست خارجی - عضو کمیسیون تلفیق,عضو کمیسیون امنیت ملی و سیاست خارجی,
سیدرضا,تقوی,تهران,اسلامشهر / تهران / ری / شمیرانات,آقا,963,134,1651,84,16,1385,850,194,33,308,عضو کمیسیون فرهنگی,عضو کمیسیون فرهنگی,عضو کمیسیون فرهنگی,عضو کمیسیون فرهنگی,
علیرضا,زندیان,کردستان,بیجار,آقا,963,134,1797,72,28,1299,943,158,20,178,,دبیر دوم کمیسیون اقتصادی,عضو کمیسیون اقتصادی - عضو کمیسیون تلفیق,عضو کمیسیون اقتصادی,
روح‌الله,ایزدخواه,تهران,اسلامشهر / تهران / ری / شمیرانات,آقا,961,136,2046,58,42,1190,719,240,15,216,عضو کمیسیون صنایع و معادن,عضو کمیسیون صنایع و معادن,,عضو کمیسیون کمیسیون تلفیق برنامه هفتم,سوابق اجرایی : رییس هیات مدیره و مدیرعامل اندیشگاه توسعه منطقه ای فناوران میزان تحصیلات : دکترای مدیریت فناوری
محمد,سبزی,مرکزی,زرندیه / ساوه,آقا,958,137,1888,74,26,1398,999,216,7,176,عضو کمیسیون کشاورزی،  آب و منابع طبیعی,عضو کمیسیون کشاورزی،  آب و منابع طبیعی,عضو کمیسیون کشاورزی،  آب و منابع طبیعی,عضو کمیسیون کشاورزی،  آب و منابع طبیعی,سوابق اجرایی : رئیس حوزه علمیه ساوه میزان تحصیلات : سطح دو حوزه
مجتبی,رضاخواه,تهران,اسلامشهر / تهران / ری / شمیرانات,آقا,949,138,2046,64,36,1306,944,224,25,113,دبیر دوم کمیسیون تلفیق - عضو کمیسیون برنامه و بودجه و محاسبات,عضو کمیسیون برنامه و بودجه و محاسبات - عضو کمیسیون تلفیق,عضو کمیسیون برنامه و بودجه و محاسبات,نایب رئیس دوم کمیسیون کمیسیون تلفیق برنامه هفتم - عضو کمیسیون برنامه و بودجه و محاسبات,سوابق اجرایی : عضو هیات علمی دانشگاه تربیت مدرس میزان تحصیلات : فوق دکترای مدیریت بهینه سازی
یعقوب,رضازاده,آذربایجان غربی,سلماس,آقا,946,139,2046,66,34,1359,900,85,17,357,دبیر اول کمیسیون امنیت ملی و سیاست خارجی,دبیر دوم کمیسیون امنیت ملی و سیاست خارجی,دبیر دوم کمیسیون امنیت ملی و سیاست خارجی,دبیر اول کمیسیون امنیت ملی و سیاست خارجی,سوابق و فعالیت ها: -بازنشسته ناجا و مدرس دانشگاه تحصیلات: - دکترای تخصصی جغرافیا
رضا,حاجی‌پور,مازندران,آمل,آقا,946,139,1888,76,24,1441,954,153,11,323,عضو کمیسیون آموزش و تحقیقات,سخنگو کمیسیون آموزش و تحقیقات,سخنگو کمیسیون آموزش و تحقیقات,عضو کمیسیون آموزش و تحقیقات,سوابق اجرایی : شهردار منطقه 22 تهران میزان تحصیلات : دکترای مدیریت و برنامه ریزی شهری
حسین,محمدصالحی‌دارانی,اصفهان,فریدن / فریدونشهر,آقا,942,141,2046,75,25,1534,868,208,36,422,رئیس کمیسیون امور داخلی کشور و شوراها,عضو کمیسیون امور داخلی کشور و شوراها,عضو کمیسیون امور داخلی کشور و شوراها,عضو کمیسیون امور داخلی کشور و شوراها,سوابق اجرایی : رئیس دانشگاه آزاد میزان تحصیلات : دکترای ادبیات فارسی
موسی,غضنفرآبادی,کرمان,بم,آقا,942,141,1826,79,21,1444,831,277,9,327,رئیس کمیسیون قضایی و حقوقی - عضو کمیسیون تدوین آیین‌نامه داخلی مجلس,رئیس کمیسیون قضایی و حقوقی,رئیس کمیسیون قضایی و حقوقی - عضو کمیسیون تدوین آیین‌نامه داخلی مجلس,عضو کمیسیون تدوین آیین‌نامه داخلی مجلس,سوابق و فعالیت ها: - قاضی تحصیلات: - خارج فقه و اصول (علوم حوزه) - فوق لیسانس حقوق جزا
عبدالجلال,ایری,گلستان,بندر ترکمن / بندر گز / کردکوی,آقا,933,143,1869,79,21,1480,858,206,19,397,,سخنگو کمیسیون عمران,سخنگو کمیسیون عمران,سخنگو کمیسیون عمران,
غلامرضا,شریعتی‌اندراتی,مازندران,بهشهر,آقا,933,143,1869,61,39,1143,840,185,10,108,عضو کمیسیون عمران,عضو کمیسیون عمران,عضو کمیسیون عمران,عضو کمیسیون عمران,سوابق اجرایی : فرمانده سپاه و رئیس بسیج میزان تحصیلات : فوق لیسانس
ابوالفضل,عموئی,تهران,اسلامشهر / تهران / ری / شمیرانات,آقا,932,145,2046,68,32,1392,869,260,15,248,سخنگو کمیسیون امنیت ملی و سیاست خارجی - دبیر اول کمیسیون تدوین آیین‌نامه داخلی مجلس,دبیر دوم کمیسیون تدوین آیین‌نامه داخلی مجلس - عضو کمیسیون امنیت ملی و سیاست خارجی,سخنگو کمیسیون امنیت ملی و سیاست خارجی - دبیر دوم کمیسیون تدوین آیین‌نامه داخلی مجلس,سخنگو کمیسیون امنیت ملی و سیاست خارجی - دبیر اول کمیسیون تدوین آیین‌نامه داخلی مجلس,سوابق اجرایی : کارشناس سیاسی وزارت امور خارجه میزان تحصیلات : دکترای علوم سیاسی
جعفر,راستی,آذربایجان شرقی,شبستر,آقا,929,146,1888,83,17,1567,750,104,197,516,عضو کمیسیون کشاورزی،  آب و منابع طبیعی,عضو کمیسیون کشاورزی،  آب و منابع طبیعی,عضو کمیسیون کشاورزی،  آب و منابع طبیعی,عضو کمیسیون کشاورزی،  آب و منابع طبیعی,سوابق و فعالیت ها: -سپاه پاسداران تحصیلات: - کارشناسی ارشد مدیریت دولتی
سمیه,رفیعی,تهران,اسلامشهر / تهران / ری / شمیرانات,خانم,921,147,1878,71,29,1327,919,208,5,195,عضو کمیسیون کشاورزی،  آب و منابع طبیعی,عضو کمیسیون کشاورزی،  آب و منابع طبیعی,عضو کمیسیون کشاورزی،  آب و منابع طبیعی,عضو کمیسیون کشاورزی،  آب و منابع طبیعی - عضو کمیسیون کمیسیون تلفیق برنامه هفتم,سوابق اجرایی : معاونت پیگیری های ویژه دفتر رئیس جمهور میزان تحصیلات : کارشناسی ارشد مدیریت
محمد,سرگزی,سیستان و بلوچستان,زابل / زهک,آقا,919,148,2046,61,39,1242,931,156,16,139,عضو کمیسیون عمران - عضو کمیسیون تلفیق,عضو کمیسیون عمران,عضو کمیسیون عمران,عضو کمیسیون عمران,سوابق اجرایی : دادستان زابل میزان تحصیلات : دکترای حقوق جزا
فاطمه,محمدبیگی,قزوین,قزوین,خانم,918,149,2046,66,34,1349,988,148,23,190,دبیر اول کمیسیون بهداشت و درمان,عضو کمیسیون بهداشت و درمان,عضو کمیسیون بهداشت و درمان,عضو کمیسیون بهداشت و درمان,سوابق اجرایی : دکترای پزشکی میزان تحصیلات : پزشک عمومی
صمدالله,محمدی,کرمان,بافت,آقا,912,150,1782,67,33,1198,805,206,34,153,عضو کمیسیون اقتصادی,عضو کمیسیون اقتصادی,عضو کمیسیون اقتصادی,عضو کمیسیون اقتصادی,سوابق اجرایی : بخشدار ارزوئیه میزان تحصیلات : کارشناسی ارشد فقه و الهیات
محمدمهدی,زاهدی,کرمان,راور / کرمان,آقا,910,151,1746,65,35,1138,794,178,4,162,عضو کمیسیون آموزش و تحقیقات - عضو کمیسیون تلفیق,عضو کمیسیون آموزش و تحقیقات,عضو کمیسیون آموزش و تحقیقات,عضو کمیسیون آموزش و تحقیقات - عضو کمیسیون کمیسیون تلفیق برنامه هفتم,سوابق و فعالیت ها : - استاد دانشگاه - سفیر جمهوری اسلامی ایران در مالزی - وزیر علوم، تحقیقات و فناوری - عضو و رئیس شورای شهر تحصیلات : - دکتری ریاضی
حبیب‌الله,دهمرده,سیستان و بلوچستان,زابل / زهک,آقا,902,152,1826,81,19,1472,597,381,49,445,عضو کمیسیون آموزش و تحقیقات,عضو کمیسیون آموزش و تحقیقات - عضو کمیسیون تلفیق,عضو کمیسیون آموزش و تحقیقات,عضو کمیسیون آموزش و تحقیقات - عضو کمیسیون کمیسیون تلفیق برنامه هفتم,سوابق و فعالیت ها: - استاد و عضو هیأت علمی دانشگاه سیستان و بلوچستان - استاندار لرستان - مشاور ریاست سازمان انرژی اتمی تحصیلات: - دکتری ریاضی کاربردی
مسلم,صالحی,فارس,اقلید,آقا,902,152,1878,72,28,1353,826,182,53,292,,عضو کمیسیون اقتصادی,عضو کمیسیون اقتصادی,عضو کمیسیون اقتصادی,سوابق اجرایی : رئس دانشگاه آزاد اقلید میزان تحصیلات : دکترای علوم تربیتی
بهزاد,علیزاده,ایلام,آبدانان / دره شهر / دهلران,آقا,882,154,1826,65,35,1193,675,190,49,279,,,دبیر اول کمیسیون کشاورزی،  آب و منابع طبیعی,عضو کمیسیون کشاورزی،  آب و منابع طبیعی,
سیداحسان,قاضی‌زاده هاشمی,خراسان رضوی,سرخس / فریمان,آقا,877,155,1869,63,37,1186,810,210,7,159,عضو کمیسیون اجتماعی - عضو کمیسیون تلفیق,عضو کمیسیون اجتماعی - عضو کمیسیون تلفیق,عضو کمیسیون اجتماعی - عضو کمیسیون تلفیق,عضو کمیسیون اجتماعی,سوابق و فعالیت ها: - مدیر کل فرهنگ و ارشاد اسلامی - مدیر کل مطبوعات و خبرگزاری های داخلی وزارت فرهنگ و ارشاد اسلامی - رایزن فرهنگی جمهوری اسلامی در کرواسی تحصیلات: - کارشناسی ارشد حقوق - دانشجوی دوره دکتری حقوق بین الملل
امیرحسین,بانکی‌پورفرد,اصفهان,اصفهان,آقا,875,156,1826,70,30,1277,829,216,13,219,عضو کمیسیون فرهنگی,عضو کمیسیون فرهنگی,عضو کمیسیون فرهنگی - عضو کمیسیون تلفیق,عضو کمیسیون فرهنگی,سوابق اجرایی : هیات علمی دانشگاه اصفهان میزان تحصیلات : دکترای فلسفه غرب
جبار,کوچکی‌نژاد ارم‌ساداتی,گیلان,رشت,آقا,870,157,2046,61,39,1254,701,218,18,317,عضو کمیسیون برنامه و بودجه و محاسبات,عضو کمیسیون برنامه و بودجه و محاسبات,عضو کمیسیون برنامه و بودجه و محاسبات,عضو کمیسیون کمیسیون تلفیق برنامه هفتم - عضو کمیسیون برنامه و بودجه و محاسبات,سوابق و فعالیت ها: - رئیس سازمان آموزش و پرورش گیلان - رئیس دانشکده فنی تحصیلات: - کارشناسی ارشد مدیریت - کارشناسی مهندسی خاکشناسی
محمد,وحیدی,خراسان شمالی,بجنورد / جاجرم / سملقان,آقا,856,158,2046,84,16,1715,807,204,26,678,نایب رئیس اول کمیسیون آموزش و تحقیقات,عضو کمیسیون آموزش و تحقیقات - عضو کمیسیون تلفیق,عضو کمیسیون آموزش و تحقیقات - عضو کمیسیون تلفیق,نایب رئیس دوم کمیسیون آموزش و تحقیقات,سوابق اجرایی : مدیر کل آموزش و پرورش خراسان شمالی میزان تحصیلات : دکترا
فرهاد,طهماسبی,فارس,استهبان / نی‌ریز,آقا,855,159,1651,76,24,1252,779,260,29,184,عضو کمیسیون صنایع و معادن - عضو کمیسیون تلفیق,دبیر اول کمیسیون صنایع و معادن,عضو کمیسیون صنایع و معادن,عضو کمیسیون صنایع و معادن,سوابق اجرایی : رئیس دادگستری نی ریز میزان تحصیلات : دکترای حقوق عمومی
زهره,الهیان,تهران,اسلامشهر / تهران / ری / شمیرانات,خانم,841,160,1869,65,35,1224,671,150,199,204,عضو کمیسیون امنیت ملی و سیاست خارجی,عضو کمیسیون امنیت ملی و سیاست خارجی,عضو کمیسیون امنیت ملی و سیاست خارجی,عضو کمیسیون امنیت ملی و سیاست خارجی,
محمد,باقری‌بناب,آذربایجان شرقی,بناب,آقا,838,161,2046,66,34,1347,749,259,37,302,عضو کمیسیون اقتصادی,عضو کمیسیون اقتصادی,نایب رئیس دوم کمیسیون اقتصادی,عضو کمیسیون اقتصادی,سوابق و فعالیت ها: - مدرس دانشگاه - مسئولیت ستاد اقامه نماز جمعه بناب تحصیلات: - تحصیلات حوزوی در حوزه علمیه قم - لیسانس علوم سیاسی از موسسه آموزشی و پژوهشی امام خمینی (ره)
مرتضی,محمودوند,لرستان,خرم‌آباد,آقا,829,162,1878,85,15,1590,824,133,43,590,عضو کمیسیون امنیت ملی و سیاست خارجی - عضو کمیسیون تلفیق,عضو کمیسیون امنیت ملی و سیاست خارجی,عضو کمیسیون امنیت ملی و سیاست خارجی,عضو کمیسیون امنیت ملی و سیاست خارجی,سوابق اجرایی : استاد دانشگاه میزان تحصیلات : دکترای علوم سیاسی
کمال,علیپورخنکداری,مازندران,جویبار / سوادکوه / قائمشهر,آقا,826,163,1826,65,35,1184,663,219,9,293,نایب رئیس اول کمیسیون عمران - عضو کمیسیون کمیسیون ویژه جهش و رونق تولید و نظارت بر اجرای اصل 44 قانون اساسی,عضو کمیسیون عمران - عضو کمیسیون کمیسیون ویژه جهش و رونق تولید و نظارت بر اجرای اصل 44 قانون اساسی,نایب رئیس اول کمیسیون عمران - عضو کمیسیون کمیسیون ویژه جهش و رونق تولید و نظارت بر اجرای اصل 44 قانون اساسی,نایب رئیس اول کمیسیون عمران - عضو کمیسیون کمیسیون ویژه جهش و رونق تولید و نظارت بر اجرای اصل 44 قانون اساسی,سوابق و فعالیت ها : - مدیر عامل صنایع و مشاغل شهری شهرداری تهران تحصیلات : - مهندسی عمران
محمدرضا,رضایی‌کوچی,فارس,جهرم,آقا,823,164,1826,67,33,1224,940,122,5,157,رئیس کمیسیون عمران,رئیس کمیسیون عمران,رئیس کمیسیون عمران,رئیس کمیسیون عمران,سوابق و فعالیت ها: - شهردار - مدیر پشتیبانی دانشگاه تحصیلات: - دکتری پزشکی - دکتری مدیریت
محمدمهدی,مفتح,همدان,تویسرکان,آقا,822,165,1869,69,31,1287,642,274,39,332,سخنگو کمیسیون برنامه و بودجه و محاسبات,سخنگو کمیسیون برنامه و بودجه و محاسبات,سخنگو کمیسیون برنامه و بودجه و محاسبات,سخنگو کمیسیون برنامه و بودجه و محاسبات - عضو کمیسیون کمیسیون تلفیق برنامه هفتم,سوابق و فعالیت ها : -مشاور وزیر بازرگانی -جانشین معاون قوانین تحصیلات: -دکتری اقتصاد -کارشناسی ارشد مهندسی صنایع
عزت‌الله,اکبری‌تالارپشتی,تهران,اسلامشهر / تهران / ری / شمیرانات,آقا,822,165,1878,58,42,1082,691,172,21,198,رئیس کمیسیون صنایع و معادن,رئیس کمیسیون صنایع و معادن,عضو کمیسیون صنایع و معادن,رئیس کمیسیون صنایع و معادن,سوابق اجرایی : 1- نماینده ادوار پنجم ، هشتم مجلس شورای اسلامی 2- رئیس سازمان صنایع و معادن استان تهران 3- مدیرعامل و رئیس هیات مدیره شرکت پشتیبانی ساخت و تهیه کالای نفت 4- عضو هیات مدیره سازمان مدیریت صنعتی ایران 5- معاون اداره سازمانهای بین المللی و کارشناس ارشد وزارت امور خارجه در مقر اروپایی سازمان ملل متحد (ژنو ، سوئیس ) تحصیلات : دکترای حقوق بین الملل
حسن,نوروزی,تهران,رباط کریم,آقا,819,167,1888,69,31,1296,614,219,43,420,نایب رئیس دوم کمیسیون قضایی و حقوقی,نایب رئیس دوم کمیسیون قضایی و حقوقی - عضو کمیسیون تلفیق,نایب رئیس دوم کمیسیون قضایی و حقوقی,عضو کمیسیون کمیسیون تلفیق برنامه هفتم,سوابق و فعالیت ها: -قاضی دادگستری -مدیر مدرسه علمیه -وکیل پایه یک دادگستری تحصیلات: -دکتری مدیریت راهبردی -اتمام دروس خارج فقه و اصول
حسن,شجاعی‌علی‌آبادی,زنجان,ابهر / خرمدره / سلطانیه,آقا,815,168,2046,67,33,1377,748,193,24,412,نایب رئیس دوم کمیسیون اصل نودم قانون اساسی مجلس,رئیس کمیسیون اصل نودم قانون اساسی مجلس,نایب رئیس دوم کمیسیون اصل نودم قانون اساسی مجلس,نایب رئیس دوم کمیسیون اصل نودم قانون اساسی مجلس,سوابق اجرایی : معاون علمی ستاد مجتمع حوزه ای صدرا (مشکات) میزان تحصیلات : حوزوی
جلیل,رحیمی‌جهان‌آبادی,خراسان رضوی,باخرز / تایباد / تربت جام,آقا,815,168,1826,68,32,1237,764,193,9,271,عضو کمیسیون امنیت ملی و سیاست خارجی,عضو کمیسیون امنیت ملی و سیاست خارجی,عضو کمیسیون امنیت ملی و سیاست خارجی,عضو کمیسیون امنیت ملی و سیاست خارجی,سوابق و فعالیت ها: - رئیس دانشگاه آزاد اسلامی واحد افغانستان تحصیلات: - دکتری تخصصی روابط بین الملل
سیدموسی,موسوی,فارس,لامرد / مهر,آقا,814,170,1826,56,44,1027,441,84,395,107,عضو کمیسیون انرژی,عضو کمیسیون انرژی,عضو کمیسیون انرژی,عضو کمیسیون انرژی,سوابق و فعالیت ها : - طبابت - مدرس دانشگاه تحصیلات : - دکترای متخصص جراحی عمومی
ابراهیم,متینیان,خوزستان,رامشیر / رامهرمز,آقا,811,171,1718,74,26,1268,761,142,16,349,عضو کمیسیون انرژی,عضو کمیسیون انرژی,عضو کمیسیون انرژی,عضو کمیسیون انرژی,سوابق اجرایی : بازنشسته سپاه میزان تحصیلات : کارشناسی ارشد حقوق جزا
حسن,همتی,آذربایجان غربی,تکاب / شاهین دژ,آقا,808,172,1578,84,16,1322,824,189,24,285,,,,عضو کمیسیون کمیسیون تلفیق برنامه هفتم - عضو کمیسیون امنیت ملی و سیاست خارجی,سوابق و فعالیت ها: -بازنشسته سپاه تحصیلات: - کارشناسی ارشد
سیدعلی,آقازاده‌دافساری,گیلان,رشت,آقا,807,173,1379,81,19,1123,800,162,7,154,عضو کمیسیون امنیت ملی و سیاست خارجی,عضو کمیسیون امنیت ملی و سیاست خارجی,عضو کمیسیون امنیت ملی و سیاست خارجی,عضو کمیسیون امنیت ملی و سیاست خارجی,
موسی,احمدی,بوشهر,جم کنگان دیر,آقا,806,174,1888,67,33,1260,840,192,11,217,نایب رئیس اول کمیسیون انرژی,عضو کمیسیون انرژی,نایب رئیس اول کمیسیون انرژی,عضو کمیسیون انرژی,سوابق و فعالیت ها : - قاضی - معاونت اسناد سازمان ثبت احوال تحصیلات : - درس خارج - دکترای فقه و مبانی حقوق
منصورعلی,زارعی‌کیاپی,مازندران,ساری,آقا,804,175,1869,62,38,1163,716,164,18,265,عضو کمیسیون کشاورزی،  آب و منابع طبیعی,عضو کمیسیون کشاورزی،  آب و منابع طبیعی,عضو کمیسیون کشاورزی،  آب و منابع طبیعی,عضو کمیسیون کشاورزی،  آب و منابع طبیعی - عضو کمیسیون اصل نودم قانون اساسی مجلس,سوابق اجرایی : فرماندار ساری میزان تحصیلات : فوق لیسانس
محمد,آشوری‌تازیانی,هرمزگان,ابوموسی / بندرعباس,آقا,801,176,1878,56,44,1055,622,134,65,234,,,عضو کمیسیون امور داخلی کشور و شوراها,عضو کمیسیون امور داخلی کشور و شوراها,سوابق و فعالیت ها: - معاونت سیاسی، امنیتی استانداری تحصیلات: - دکتری
حسین,بامیری,چهارمحال و بختیاری,لردگان,آقا,799,177,1797,65,35,1177,806,91,44,236,نایب رئیس اول کمیسیون امور داخلی کشور و شوراها - عضو کمیسیون تلفیق,عضو کمیسیون امور داخلی کشور و شوراها - عضو کمیسیون تلفیق,,,سوابق اجرایی : شهردار لردگان میزان تحصیلات : کارشناسی ارشد جامعه شناسی سیاسی
مصطفی,نخعی,خراسان جنوبی,سربیشه / نهبندان,آقا,784,178,1878,56,44,1044,638,221,6,179,عضو کمیسیون انرژی,سخنگو کمیسیون انرژی,عضو کمیسیون انرژی - عضو کمیسیون تلفیق,سخنگو کمیسیون انرژی,سوابق اجرایی : معاون شرکت پخش فراورده های نفتی تربت حیدریه میزان تحصیلات : دکترای مکانیک
ابراهیم,عزیزی,فارس,شیراز,آقا,782,179,1869,73,27,1371,760,215,12,384,عضو کمیسیون امنیت ملی و سیاست خارجی - عضو کمیسیون تلفیق,نایب رئیس اول کمیسیون امنیت ملی و سیاست خارجی,نایب رئیس اول کمیسیون امنیت ملی و سیاست خارجی,نایب رئیس اول کمیسیون امنیت ملی و سیاست خارجی - عضو کمیسیون کمیسیون تلفیق برنامه هفتم,سوابق اجرایی : معاون سیاسی استانداری سیستان و بلوچستان میزان تحصیلات : کارشناسی ارشد حقوق
وحید,جلال‌زاده,آذربایجان غربی,ارومیه,آقا,773,180,1888,70,30,1321,766,204,7,344,عضو کمیسیون امنیت ملی و سیاست خارجی - عضو کمیسیون تلفیق,رئیس کمیسیون امنیت ملی و سیاست خارجی,رئیس کمیسیون امنیت ملی و سیاست خارجی,رئیس کمیسیون امنیت ملی و سیاست خارجی,سوابق و فعالیت ها: -استاندار اسبق استان آذربایجان غربی تحصیلات: - دکتری علوم سیاسی
احسان,ارکانی,خراسان رضوی,نیشابور,آقا,772,181,1826,58,42,1064,781,135,72,76,دبیر اول کمیسیون کمیسیون ویژه جهش و رونق تولید و نظارت بر اجرای اصل 44 قانون اساسی - عضو کمیسیون برنامه و بودجه و محاسبات,عضو کمیسیون برنامه و بودجه و محاسبات - عضو کمیسیون کمیسیون ویژه جهش و رونق تولید و نظارت بر اجرای اصل 44 قانون اساسی,عضو کمیسیون تلفیق - عضو کمیسیون کمیسیون ویژه جهش و رونق تولید و نظارت بر اجرای اصل 44 قانون اساسی,دبیر اول کمیسیون کمیسیون ویژه جهش و رونق تولید و نظارت بر اجرای اصل 44 قانون اساسی - عضو کمیسیون اصل نودم قانون اساسی مجلس,سوابق اجرایی : معاون اداری مالی آستان قدس رضوی میزان تحصیلات : کارشناسی ارشد عمران
فتح‌الله,توسلی,همدان,بهار / کبودرآهنگ,آقا,759,182,1869,60,40,1123,711,162,31,219,,,,,
عبدالله,ایزدپناه,خوزستان,ایذه / باغملک,آقا,749,183,1528,68,32,1041,606,98,202,135,عضو کمیسیون کشاورزی،  آب و منابع طبیعی - عضو کمیسیون تلفیق,عضو کمیسیون کشاورزی،  آب و منابع طبیعی - عضو کمیسیون تلفیق,عضو کمیسیون کشاورزی،  آب و منابع طبیعی - عضو کمیسیون تلفیق,عضو کمیسیون کشاورزی،  آب و منابع طبیعی,سوابق اجرایی : فرماندار مسجد سلیمان- معاون آموزش و پرورش میزان تحصیلات : کارشناسی ارشد عرفان اسلامی
حسینعلی,شهریاری,سیستان و بلوچستان,زاهدان,آقا,729,184,1888,48,52,897,681,163,1,52,,,رئیس کمیسیون بهداشت و درمان,,سوابق اجرایی : هیات علمی - رئیس علوم پزشکی زاهدان میزان تحصیلات : دکترای چشم پزشکی
حسین,حاتمی,آذربایجان شرقی,خداآفرین / کلیبر / هوراند,آقا,723,185,1826,76,24,1381,711,122,25,523,دبیر اول کمیسیون اجتماعی,دبیر دوم کمیسیون اجتماعی,دبیر اول کمیسیون اجتماعی,دبیر اول کمیسیون اجتماعی,سوابق و فعالیت ها: -مسئول بسیج عشایر-سپاه پاسداران تحصیلات: - کارشناسی ارشد علوم سیاسی
سیدنظام‌الدین,موسوی,تهران,اسلامشهر / تهران / ری / شمیرانات,آقا,722,186,1869,58,42,1090,613,139,61,277,عضو کمیسیون اصل نودم قانون اساسی مجلس,,,عضو کمیسیون اصل نودم قانون اساسی مجلس,سوابق اجرایی : معاون ارتباطات و رسانه آستان قدس رضوی میزان تحصیلات : دکترای مطالعات منطقه ای
احمد,محرم‌زاده‌یخفروزان,آذربایجان شرقی,اهر / هریس,آقا,714,187,1797,64,36,1146,676,108,66,296,عضو کمیسیون عمران,عضو کمیسیون عمران,عضو کمیسیون عمران,عضو کمیسیون عمران,سوابق و فعالیت ها: -معاون فرماندار جلفا و مدیر بنیاد مسکن هریس تحصیلات: - کارشناسی ارشد حقوق
محمد,کعب‌عمیر,خوزستان,شوش,آقا,700,188,1578,60,40,947,552,120,39,236,عضو کمیسیون فرهنگی,عضو کمیسیون فرهنگی,عضو کمیسیون فرهنگی,عضو کمیسیون فرهنگی,سوابق اجرایی : کارمند شرکت نفت میزان تحصیلات : دکترای نفت
عباس,جهانگیرزاده,اردبیل,پارس آباد,آقا,693,189,1888,63,37,1184,562,145,10,467,عضو کمیسیون کشاورزی،  آب و منابع طبیعی,عضو کمیسیون کشاورزی،  آب و منابع طبیعی,نایب رئیس دوم کمیسیون کشاورزی،  آب و منابع طبیعی,عضو کمیسیون کشاورزی،  آب و منابع طبیعی,سوابق اجرایی : معاون فرماندار و سرپرست فرمانداری گرمی میزان تحصیلات : فوق لیسانس مهندسی مدیریت
محسن,زنگنه,خراسان رضوی,تربت حیدریه,آقا,686,190,1878,75,25,1404,614,169,17,604,عضو کمیسیون برنامه و بودجه و محاسبات - عضو کمیسیون کمیسیون ویژه جهش و رونق تولید و نظارت بر اجرای اصل 44 قانون اساسی,عضو کمیسیون برنامه و بودجه و محاسبات - عضو کمیسیون کمیسیون ویژه جهش و رونق تولید و نظارت بر اجرای اصل 44 قانون اساسی,نایب رئیس دوم کمیسیون برنامه و بودجه و محاسبات - سخنگو کمیسیون کمیسیون ویژه جهش و رونق تولید و نظارت بر اجرای اصل 44 قانون اساسی,سخنگو کمیسیون کمیسیون تلفیق برنامه هفتم - سخنگو کمیسیون کمیسیون ویژه جهش و رونق تولید و نظارت بر اجرای اصل 44 قانون اساسی - عضو کمیسیون برنامه و بودجه و محاسبات,سوابق اجرایی : استاد و مشاور اقتصادی دانشگاه میزان تحصیلات : دکترای اقتصاد
قاسم,ساعدی,خوزستان,دشت آزادگان / هویزه,آقا,684,191,1869,63,37,1178,566,97,125,390,عضو کمیسیون انرژی,نایب رئیس اول کمیسیون انرژی,عضو کمیسیون انرژی,عضو کمیسیون انرژی,سوابق اجرایی : رئیس آموزش و پرورش میزان تحصیلات : کارشناسی ارشد جامعه شناسی
یوسف,داودی,آذربایجان شرقی,سراب,آقا,683,192,1850,57,43,1055,730,168,20,137,عضو کمیسیون صنایع و معادن,عضو کمیسیون صنایع و معادن,عضو کمیسیون صنایع و معادن,دبیر دوم کمیسیون صنایع و معادن - عضو کمیسیون کمیسیون تلفیق برنامه هفتم,سوابق و فعالیت ها: - استاد دانشگاه تحصیلات: - دکتری و بورد تخصصی بیماری های داخلی - دکتری حرفه ای دامپزشکی - کارشناسی مهندسی شیمی دانشگاهی
جلال,رشیدی‌کوچی,فارس,مرودشت,آقا,676,193,2046,48,52,989,601,187,10,191,عضو کمیسیون تلفیق - عضو کمیسیون امور داخلی کشور و شوراها,,عضو کمیسیون امور داخلی کشور و شوراها - عضو کمیسیون تلفیق,عضو کمیسیون امور داخلی کشور و شوراها,
فاطمه,مقصودی,لرستان,بروجرد,خانم,671,194,1869,57,43,1070,696,136,7,231,دبیر اول کمیسیون امور داخلی کشور و شوراها,دبیر دوم کمیسیون امور داخلی کشور و شوراها,عضو کمیسیون امور داخلی کشور و شوراها,دبیر اول کمیسیون امور داخلی کشور و شوراها,سوابق اجرایی : مدیر مدارس دولتی میزان تحصیلات : دکترای ادبیات
محمد,خدابخشی,لرستان,الیگودرز,آقا,670,195,1869,61,39,1131,607,159,18,347,نایب رئیس اول کمیسیون برنامه و بودجه و محاسبات,نایب رئیس اول کمیسیون برنامه و بودجه و محاسبات,عضو کمیسیون برنامه و بودجه و محاسبات,نایب رئیس دوم کمیسیون برنامه و بودجه و محاسبات - عضو کمیسیون کمیسیون تلفیق برنامه هفتم,سوابق و فعالیت ها: - دانشیار و عضو هیأت علمی دانشگاه شهید بهشتی تهران تحصیلات: - دکتری تخصصی ریاضی کاربردی، تحقیق در عملیات
علی,نیک‌زاد ثمرین,اردبیل,اردبیل / سرعین / نمین / نیر,آقا,662,196,1869,54,46,1011,468,158,189,196,عضو کمیسیون تدوین آیین‌نامه داخلی مجلس - عضو کمیسیون فرهنگی,عضو کمیسیون تدوین آیین‌نامه داخلی مجلس - عضو کمیسیون فرهنگی,عضو کمیسیون تدوین آیین‌نامه داخلی مجلس - عضو کمیسیون فرهنگی,عضو کمیسیون تدوین آیین‌نامه داخلی مجلس - عضو کمیسیون فرهنگی,سوابق اجرایی : وزیر اسبق راه و شهرسازی میزان تحصیلات : فوق لیسانس مدیریت
معین‌الدین,سعیدی,سیستان و بلوچستان,جابهار,آقا,660,197,1850,62,38,1140,533,165,33,409,سخنگو کمیسیون کشاورزی،  آب و منابع طبیعی,عضو کمیسیون کشاورزی،  آب و منابع طبیعی,عضو کمیسیون کشاورزی،  آب و منابع طبیعی,عضو کمیسیون کشاورزی،  آب و منابع طبیعی,سوابق اجرایی : معاون شهرداری چابهار، عضو شورای اسلامی شهر چابهار میزان تحصیلات : کارشناسی ارشد کشاورزی
علی,بابایی‌کارنامی,مازندران,ساری,آقا,636,198,1782,57,43,1010,485,174,23,328,سخنگو کمیسیون اجتماعی,نایب رئیس اول کمیسیون اجتماعی,عضو کمیسیون اجتماعی - عضو کمیسیون تلفیق,عضو کمیسیون اجتماعی,سوابق اجرایی : مدیرکل تعاون میزان تحصیلات : فوق لیسانس
محمدجواد,عسکری,فارس,داراب / زرین‌دشت,آقا,635,199,1869,52,48,981,667,98,8,208,نایب رئیس دوم کمیسیون کشاورزی،  آب و منابع طبیعی,رئیس کمیسیون کشاورزی،  آب و منابع طبیعی,رئیس کمیسیون کشاورزی،  آب و منابع طبیعی,رئیس کمیسیون کشاورزی،  آب و منابع طبیعی,سوابق اجرایی : فرماندار اسبق ارسنجان و آباده میزان تحصیلات : دکترای کشاورزی
ولی,اسماعیلی,اردبیل,گرمی,آقا,632,200,1869,51,49,948,576,121,9,242,نایب رئیس اول کمیسیون اجتماعی,رئیس کمیسیون اجتماعی,نایب رئیس اول کمیسیون اجتماعی,رئیس کمیسیون اجتماعی,
علی,زنجانی‌حسنلوئی,آذربایجان غربی,اشنویه / نقده,آقا,625,201,1869,53,47,994,656,84,24,230,عضو کمیسیون اجتماعی,عضو کمیسیون اجتماعی,عضو کمیسیون اجتماعی,عضو کمیسیون اجتماعی,
حمیدرضا,حاجی‌بابایی,همدان,همدان,آقا,602,202,1869,60,40,1117,588,145,19,365,رئیس کمیسیون برنامه و بودجه و محاسبات - عضو کمیسیون تلفیق,رئیس کمیسیون برنامه و بودجه و محاسبات - رئیس کمیسیون تلفیق,رئیس کمیسیون برنامه و بودجه و محاسبات - عضو کمیسیون تلفیق,رئیس کمیسیون برنامه و بودجه و محاسبات - عضو کمیسیون کمیسیون تلفیق برنامه هفتم,سوابق و فعالیت ها: - وزیر - دانشیار دانشگاه تهران - مدیر گروه اخلاق، قرآن و منابع اسلامی تحصیلات: - دکتری تخصصی
حسین,رئیسی,هرمزگان,جاسک / میناب,آقا,594,203,1869,46,54,852,596,104,9,143,عضو کمیسیون کشاورزی،  آب و منابع طبیعی,عضو کمیسیون آموزش و تحقیقات,,,سوابق اجرایی : فرماندار میناب میزان تحصیلات : کارشناسی ارشد حقوق
محمد,صفری ملک‌میان,گیلان,املش / رودسر,آقا,590,204,1878,46,54,871,548,69,9,245,,نایب رئیس اول کمیسیون امور داخلی کشور و شوراها,عضو کمیسیون امور داخلی کشور و شوراها - عضو کمیسیون تلفیق,عضو کمیسیون امور داخلی کشور و شوراها,سوابق اجرایی : امام جمعه سابق چابکسر میزان تحصیلات : حوزوی
مجتبی,ذوالنوری,قم,قم,آقا,583,205,1826,69,31,1263,449,108,51,655,رئیس کمیسیون امنیت ملی و سیاست خارجی,عضو کمیسیون امنیت ملی و سیاست خارجی,,,تحصیلات: - دروس خارج فقه و اصول - دانشجوی دوره دکتری مدیریت راهبردی - کارشناسی ارشد علوم دفاعی - کارشناسی زبان انگلیسی
منصور,آرامی,هرمزگان,ابوموسی / بندرعباس,آقا,574,206,1888,45,55,855,443,167,12,233,نایب رئیس دوم کمیسیون عمران,عضو کمیسیون عمران,عضو کمیسیون عمران,عضو کمیسیون عمران,سوابق و فعالیت ها: - شهردار بندر عباس - مدرس دانشگاه تحصیلات: - فوق ایسانس علوم توانبخشی ، دانشجوی دکترای سیاستگذاری علوم و فناوری
عبدالناصر,درخشان,سیستان و بلوچستان,ایرانشهر / سرباز,آقا,569,207,1797,68,32,1221,548,174,7,492,عضو کمیسیون صنایع و معادن,عضو کمیسیون صنایع و معادن,عضو کمیسیون صنایع و معادن - عضو کمیسیون تلفیق,عضو کمیسیون صنایع و معادن,سوابق اجرایی : عضو هیات علمی دانشگاه ولایت ایرانشهر میزان تحصیلات : دکترای مدیریت صنعتی
محمدرضا,مبلغی,لرستان,کوهدشت,آقا,564,208,1869,52,48,980,553,78,37,312,عضو کمیسیون فرهنگی,عضو کمیسیون فرهنگی,عضو کمیسیون فرهنگی,عضو کمیسیون فرهنگی,سوابق اجرایی : رئیس حوزه علمیه خرم آباد میزان تحصیلات : معادل دکترا حوزوی
محسن,فتحی,کردستان,سنندج,آقا,560,209,1826,58,42,1053,582,77,2,392,دبیر دوم کمیسیون بهداشت و درمان,دبیر اول کمیسیون بهداشت و درمان,دبیر اول کمیسیون بهداشت و درمان,عضو کمیسیون بهداشت و درمان,سوابق اجرایی : میزان تحصیلات : دکترای داروسازی
سیدکاظم,موسوی,اردبیل,اردبیل / سرعین / نمین / نیر,آقا,552,210,1888,52,48,979,424,125,13,417,نایب رئیس دوم کمیسیون اقتصادی,نایب رئیس اول کمیسیون اقتصادی,عضو کمیسیون اقتصادی - عضو کمیسیون تلفیق,نایب رئیس اول کمیسیون اقتصادی,
منصور,شکرالهی,کرمان,فاریاب / کهنوج / منوجان,آقا,542,211,1379,56,44,776,524,111,5,136,عضو کمیسیون انرژی,عضو کمیسیون انرژی,عضو کمیسیون انرژی,عضو کمیسیون انرژی - عضو کمیسیون امنیت ملی و سیاست خارجی,سوابق اجرایی : قاضی و رئیس دادگستری شهرستان عسلویه میزان تحصیلات : دکترای حقوق
احمد,جباری,هرمزگان,بستک / بندرلنگه / پارسیان,آقا,526,212,1797,45,55,812,402,131,54,225,دبیر اول کمیسیون عمران,دبیر اول کمیسیون عمران,دبیر اول کمیسیون عمران,دبیر اول کمیسیون عمران,سوابق و فعالیت ها: - رئیس هلال احمر - آموزش و پرورش تحصیلات: - لیسانس حقوق قضایی و عمران
محسن,علیزاده,فارس,سپیدان,آقا,493,213,1826,50,50,906,453,126,21,306,عضو کمیسیون اقتصادی,عضو کمیسیون اقتصادی,عضو کمیسیون اقتصادی,عضو کمیسیون اقتصادی,سوابق اجرایی : فعال در بخش کشاورزی میزان تحصیلات : دکترای اقتصاد
محمدرضا,پورابراهیمی‌داورانی,کرمان,راور / کرمان,آقا,459,214,1888,33,67,630,363,126,7,134,رئیس کمیسیون اقتصادی,رئیس کمیسیون اقتصادی,رئیس کمیسیون اقتصادی,رئیس کمیسیون اقتصادی - عضو کمیسیون کمیسیون تلفیق برنامه هفتم,سوابق و فعالیت ها: - عضو هیأت علمی دانشگاه تهران تحصیلات: - دکتری مالی
رجب,رحمانی,قزوین,تاکستان,آقا,432,215,1338,71,29,956,451,43,23,439,عضو کمیسیون برنامه و بودجه و محاسبات,عضو کمیسیون برنامه و بودجه و محاسبات,عضو کمیسیون برنامه و بودجه و محاسبات - عضو کمیسیون تلفیق,عضو کمیسیون برنامه و بودجه و محاسبات,
حسین,حسین‌زاده,فارس,لارستان,آقا,431,216,2046,44,56,908,512,85,12,299,عضو کمیسیون انرژی,دبیر اول کمیسیون انرژی,دبیر اول کمیسیون انرژی,عضو کمیسیون انرژی,سوابق اجرایی : کارمند شرکت ملی نفت میزان تحصیلات : دکترای نفت
مهدی,عیسی‌زاده,آذربایجان غربی,میاندوآب,آقا,236,217,1869,45,55,845,266,116,11,452,رئیس کمیسیون اجتماعی,عضو کمیسیون اجتماعی - عضو کمیسیون تلفیق,رئیس کمیسیون اجتماعی,نایب رئیس اول کمیسیون اجتماعی,سوابق و فعالیت ها: -عضو ناظر هیات عالی گزینش معلمان و کارکنان آموزش و پرورش تحصیلات: - دکتری مدیریت دفاعی
اکبر,احمدپور,خراسان رضوی,خواف / رشتخوار,آقا,202,218,1869,12,88,232,156,43,3,30,عضو کمیسیون آموزش و تحقیقات,عضو کمیسیون آموزش و تحقیقات,عضو کمیسیون آموزش و تحقیقات,عضو کمیسیون آموزش و تحقیقات,سوابق اجرایی : هیات علمی دانشگاه فردوسی میزان تحصیلات : حوزوی
محمد,صفائی‌دلوئی,خراسان رضوی,گناباد,آقا,0,219,1826,0,100,0,0,0,0,0,عضو کمیسیون اقتصادی,عضو کمیسیون اقتصادی,عضو کمیسیون اقتصادی,عضو کمیسیون اقتصادی,سوابق اجرایی : فرماندار میزان تحصیلات : کارشناسی ارشد علوم سیاسی
شهریار,حیدری,کرمانشاه,سرپل ذهاب / قصر شیرین,,,,,,,,,,,,نایب رئیس دوم کمیسیون امنیت ملی و سیاست خارجی,عضو کمیسیون امنیت ملی و سیاست خارجی - عضو کمیسیون تلفیق,عضو کمیسیون امنیت ملی و سیاست خارجی,نایب رئیس دوم کمیسیون امنیت ملی و سیاست خارجی,سوابق اجرایی : میزان تحصیلات :
مصطفی,رضاحسینی قطب‌آبادی,کرمان,شهر بابک,,,,,,,,,,,,دبیر اول کمیسیون صنایع و معادن,عضو کمیسیون صنایع و معادن,عضو کمیسیون صنایع و معادن,عضو کمیسیون صنایع و معادن,
رجب,رحمنی,قزوین,تاکستان,,,,,,,,,,,,عضو کمیسیون برنامه و بودجه و محاسبات,,,,سوابق و فعالیت ها : - معاون وزیرآموزش و پرورش - مستشار دیوان محاسبات کشور تحصیلات : -مهندسی کشاورزی- حقوق خصوصی فوق مدیریت
احمد,دنیامالی,گیلان,بندر انزلی,,,,,,,,,,,,عضو کمیسیون عمران,عضو کمیسیون عمران - عضو کمیسیون تلفیق,نایب رئیس دوم کمیسیون تلفیق - عضو کمیسیون عمران,نایب رئیس دوم کمیسیون عمران,سوابق اجرایی : شورای شهر تهران میزان تحصیلات : دکترای برنامه ریزی شهری
علیرضا ورناصری,قندعلی,خوزستان,مسجد سلیمان,,,,,,,,,,,,عضو کمیسیون انرژی,عضو کمیسیون انرژی - عضو کمیسیون تلفیق,عضو کمیسیون انرژی,عضو کمیسیون انرژی - عضو کمیسیون کمیسیون تلفیق برنامه هفتم,سوابق اجرایی : مشاور استاندار و معاون فرمانداری اندیکا میزان تحصیلات : کارشناسی ارشد علوم سیاسی
عیسی,جعفری,همدان,بهار / کبودرآهنگ,,,,,,,,,,,,عضو کمیسیون برنامه و بودجه و محاسبات,عضو کمیسیون برنامه و بودجه و محاسبات,,,
سید لفته,احمدنژاد,خوزستان,خرمشهر,,,,,,,,,,,,عضو کمیسیون اقتصادی,عضو کمیسیون اقتصادی,عضو کمیسیون اقتصادی,عضو کمیسیون اقتصادی,سوابق اجرایی : کارمند تعاون روستایی میزان تحصیلات : کارشناسی ارشد مدیریت بازرگانی
سید مهدی,فرشادان,کردستان,سنندج,,,,,,,,,,,,نایب رئیس اول کمیسیون تدوین آیین‌نامه داخلی مجلس - عضو کمیسیون تلفیق - عضو کمیسیون برنامه و بودجه و محاسبات,عضو کمیسیون تدوین آیین‌نامه داخلی مجلس - عضو کمیسیون برنامه و بودجه و محاسبات - عضو کمیسیون تلفیق,عضو کمیسیون برنامه و بودجه و محاسبات - عضو کمیسیون تدوین آیین‌نامه داخلی مجلس - عضو کمیسیون تلفیق,عضو کمیسیون برنامه و بودجه و محاسبات - عضو کمیسیون تدوین آیین‌نامه داخلی مجلس,سوابق و فعالیت ها: - پزشک - مدیر کل حوزه استاندار تحصیلات: - دکتری پزشکی
علی اصغر,خانی,سمنان,شاهرود,,,,,,,,,,,,عضو کمیسیون عمران - عضو کمیسیون تلفیق,رئیس کمیسیون تحقیق - عضو کمیسیون تلفیق,عضو کمیسیون عمران,عضو کمیسیون عمران,سوابق اجرایی : شهردار منطقه 11 تهران
رحیم,زارع,فارس,آباده,,,,,,,,,,,,سخنگو کمیسیون تلفیق - عضو کمیسیون برنامه و بودجه و محاسبات - عضو کمیسیون کمیسیون ویژه جهش و رونق تولید و نظارت بر اجرای اصل 44 قانون اساسی,سخنگو کمیسیون تلفیق - عضو کمیسیون برنامه و بودجه و محاسبات - عضو کمیسیون کمیسیون ویژه جهش و رونق تولید و نظارت بر اجرای اصل 44 قانون اساسی,سخنگو کمیسیون تلفیق - عضو کمیسیون برنامه و بودجه و محاسبات,عضو کمیسیون برنامه و بودجه و محاسبات,سوابق و فعالیت ها: - عضو هیأت علمی دانشکده مدیریت و حسابداری دانشگاه علامه طباطبایی - سربازرس حوزه تجارت خارجی سازمان بازرسی کل کشور تحصیلات: - دکتری مدیریت بازرگانی استراتژیک
غلامعلی,کوهساری,گلستان,آزادشهر / رامیان,,,,,,,,,,,,عضو کمیسیون عمران,عضو کمیسیون عمران - عضو کمیسیون تلفیق,عضو کمیسیون عمران - عضو کمیسیون تلفیق,عضو کمیسیون عمران,سوابق اجرایی : کارمند آب و فاضلاب روستایی تهران میزان تحصیلات : کارشناسی ارشد علوم کشاورزی
بیژن,نوباوه وطن,تهران,اسلامشهر / تهران / ری / شمیرانات,,,,,,,,,,,,نایب رئیس اول کمیسیون فرهنگی,نایب رئیس اول کمیسیون فرهنگی,نایب رئیس اول کمیسیون فرهنگی,نایب رئیس دوم کمیسیون فرهنگی - عضو کمیسیون کمیسیون تلفیق برنامه هفتم,سوابق و فعالیت ها: - مدیر دفتر سیاسی در نیویورک و انگلیس و سازمان ملل تحصیلات: - فوق لیسانس تولید تلویزیون
اسفندیار,اختیاری کَسنویه یزد,نمایندگان اقلیت,زرتشتیان,,,,,,,,,,,,عضو کمیسیون آموزش و تحقیقات,عضو کمیسیون آموزش و تحقیقات,عضو کمیسیون آموزش و تحقیقات,عضو کمیسیون آموزش و تحقیقات,سوابق و فعالیت ها: - استاد دانشگاه - معاون پارک علم و فناوری یزد - مدیر کل پژوهش دانشگاه یزد تحصیلات: - P.M.P - دکتری مهندسی تکنولوژی نساجی - خلبان
محمود,عباس‌زاده,اردبیل,مشکین شهر,,,,,,,,,,,,عضو کمیسیون امنیت ملی و سیاست خارجی,سخنگو کمیسیون امنیت ملی و سیاست خارجی,عضو کمیسیون امنیت ملی و سیاست خارجی - عضو کمیسیون تلفیق,عضو کمیسیون امنیت ملی و سیاست خارجی,سوابق اجرایی : مدیرکل اسبق سیاسی وزارت کشور / استاندار اسبق ایلام میزان تحصیلات : دانشجوی دکتری مدیریت رسانه
سمیه,محمودی,اصفهان,شهرضا,,,,,,,,,,,,سخنگو کمیسیون تدوین آیین‌نامه داخلی مجلس - عضو کمیسیون اقتصادی,سخنگو کمیسیون تدوین آیین‌نامه داخلی مجلس - عضو کمیسیون اقتصادی,سخنگو کمیسیون تدوین آیین‌نامه داخلی مجلس - عضو کمیسیون اقتصادی - عضو کمیسیون تلفیق,سخنگو کمیسیون تدوین آیین‌نامه داخلی مجلس - عضو کمیسیون اقتصادی,سوابق و فعالیت ها : -فرمانداری تحصیلات: -کارشناسی ارشد جامعه شناسی
شبیب,جویجری,خوزستان,اهواز / باوی / حمیدیه / کارون,,,,,,,,,,,,,,,عضو کمیسیون کمیسیون تلفیق برنامه هفتم,
سید شمس الدین,حسینی,مازندران,تنکابن / رامسر,,,,,,,,,,,,رئیس کمیسیون کمیسیون ویژه جهش و رونق تولید و نظارت بر اجرای اصل 44 قانون اساسی - عضو کمیسیون تلفیق - عضو کمیسیون برنامه و بودجه و محاسبات,رئیس کمیسیون کمیسیون ویژه جهش و رونق تولید و نظارت بر اجرای اصل 44 قانون اساسی - عضو کمیسیون برنامه و بودجه و محاسبات,رئیس کمیسیون تلفیق - رئیس کمیسیون کمیسیون ویژه جهش و رونق تولید و نظارت بر اجرای اصل 44 قانون اساسی - عضو کمیسیون برنامه و بودجه و محاسبات,رئیس کمیسیون کمیسیون ویژه جهش و رونق تولید و نظارت بر اجرای اصل 44 قانون اساسی - عضو کمیسیون برنامه و بودجه و محاسبات,سوابق اجرایی : وزیر اسبق اقتصاد میزان تحصیلات : دکترای اقتصاد
حسن,لطفی,همدان,رزن,,,,,,,,,,,,عضو کمیسیون اجتماعی,عضو کمیسیون اجتماعی,سخنگو کمیسیون اجتماعی,عضو کمیسیون اجتماعی,سوابق و فعالیت ها : -رییس امور اداری استانداری همدان تحصیلات: -کارشناسی ارشدحقوق جزاءو جرم شناسی
روبرت,بگلریان,نمایندگان اقلیت,مسیحیان ارامنه جنوب کشور,,,,,,,,,,,,عضو کمیسیون انرژی,عضو کمیسیون انرژی,عضو کمیسیون انرژی,عضو کمیسیون انرژی,سوابق و فعالیت ها: - کارشناس اقتصادی تحصیلات: - فوق لیسانس علوم اقتصادی
سید احسان,خاندوزی,تهران,اسلامشهر / تهران / ری / شمیرانات,,,,,,,,,,,,نایب رئیس اول کمیسیون اقتصادی - عضو کمیسیون کمیسیون ویژه جهش و رونق تولید و نظارت بر اجرای اصل 44 قانون اساسی,,,,سوابق اجرایی : استادیار و عضو هیأت علمی دانشگاه علامه طباطبایی میزان تحصیلات : دکترای اقتصاد
جلال,محمودزاده,آذربایجان غربی,مهاباد,,,,,,,,,,,,نایب رئیس اول کمیسیون کشاورزی،  آب و منابع طبیعی,عضو کمیسیون کشاورزی،  آب و منابع طبیعی,دبیر دوم کمیسیون کشاورزی،  آب و منابع طبیعی,عضو کمیسیون کشاورزی،  آب و منابع طبیعی,سوابق و فعالیت ها : -رابط امور مجلس در صندوق بیمه کشاورزی -مشاور قائم مقام وزیر تحصیلات: -کارشناسی ارشد مهندسی کشاورزی
پرویز,محمدنژاد قاضی محله,گیلان,لنگرود,,,,,,,,,,,,عضو کمیسیون انرژی,عضو کمیسیون انرژی,عضو کمیسیون انرژی,عضو کمیسیون انرژی,سوابق اجرایی : قائم مقام مدیرعامل شرکت توزیع برق گیلان میزان تحصیلات : دکترای مدیریت کسب و کار
سیدمحمود,نبویان,تهران,اسلامشهر / تهران / ری / شمیرانات,,,,,,,,,,,,نایب رئیس اول کمیسیون اصل نودم قانون اساسی مجلس,,نایب رئیس اول کمیسیون اصل نودم قانون اساسی مجلس,نایب رئیس اول کمیسیون اصل نودم قانون اساسی مجلس,سوابق و فعالیت ها : - هیات علمی - قائم مقام پژوهشگاه اندیشه سیاسی اسلام تحصیلات : - درس خارج فقه و اصول - دکترای فلسفه
محمود,احمدی بیغش,مرکزی,شازند,,,,,,,,,,,,عضو کمیسیون امنیت ملی و سیاست خارجی,عضو کمیسیون امنیت ملی و سیاست خارجی,عضو کمیسیون امنیت ملی و سیاست خارجی,عضو کمیسیون امنیت ملی و سیاست خارجی,
سید جواد,ساداتی‌نژاد,اصفهان,کاشان,,,,,,,,,,,,رئیس کمیسیون کشاورزی،  آب و منابع طبیعی,,,,سوابق و فعالیت ها: - عضو هیأت علمی دانشگاه تهران تحصیلات: - دکتری هیدرولیک و مهندسی هیدرولوژی
علیرضا,منادی سفیدان,آذربایجان شرقی,آذر شهر / اسکو / تبریز,,,,,,,,,,,,رئیس کمیسیون آموزش و تحقیقات,رئیس کمیسیون آموزش و تحقیقات,رئیس کمیسیون آموزش و تحقیقات,رئیس کمیسیون آموزش و تحقیقات,سوابق و فعالیت ها: - عضو هیات علمی دانشگاه آزاد اسلامی تبریز - رییس باشگاه پژوهشگران جوان شمال غرب کشور - مدیر گروه رشته مهندسی دانشکده کشاورزی دانشگاه آزاد تبریز - ریاست دانشگاه آزاد اسلامی زنجان - عضو علی البدل شورای اسلامی شهر تبریز - نماینده مجلس هشتم از حوزه انتخابیه تبریز، آذرشهر و اسکو تحصیلات : - دکترای حرفه ای دامپزشکی دانشگاه آزاد اسلامی تبریز - دکترای میکروبیولوژی
سید کاظم,دلخوش اباتری,گیلان,صومعه سرا,,,,,,,,,,,,سخنگو کمیسیون قضایی و حقوقی - دبیر دوم کمیسیون تدوین آیین‌نامه داخلی مجلس - عضو کمیسیون تلفیق,نایب رئیس دوم کمیسیون تدوین آیین‌نامه داخلی مجلس - عضو کمیسیون تلفیق,نایب رئیس دوم کمیسیون تدوین آیین‌نامه داخلی مجلس - سخنگو کمیسیون قضایی و حقوقی - عضو کمیسیون تلفیق,نایب رئیس دوم کمیسیون تدوین آیین‌نامه داخلی مجلس,سوابق و فعالیت ها: - وزارت کشور تحصیلات: - دکتری مدیریت راهبردی فرهنگی
غلامرضا,تاجگردون,کهگیلویه و بویراحمد,گچساران,,,,,,,,,,,,,,,,سوابق و فعالیت ها: - عضو هئیت علمی دانشگاه - معاون سازمان مدیریت و برنامه ریزی کشور تحصیلات: - دکتری اقتصاد
عادل,نجف‌زاده,آذربایجان غربی,خوی,,,,,,,,,,,,عضو کمیسیون عمران,عضو کمیسیون عمران,عضو کمیسیون عمران,عضو کمیسیون عمران,سوابق و فعالیت ها: -هیأت علمی دانشگاه تبریز تحصیلات: - دکترای زمین شناسی
مجتبی,بخشی‌پور,کرمانشاه,اسلام‌آباد غرب / دالاهو,,,,,,,,,,,,عضو کمیسیون عمران,عضو کمیسیون عمران,عضو کمیسیون عمران,عضو کمیسیون عمران,-دکتری مهندسی عمران - رییس شرکت های عمرانی کشور
فریدون,حسنوند,خوزستان,اندیمشک,,,,,,,,,,,,عضو کمیسیون انرژی,رئیس کمیسیون انرژی,رئیس کمیسیون انرژی,رئیس کمیسیون انرژی,سوابق و فعالیت ها: - استاندار بوشهر - مشاور وزیر نفت - عضو هیأت مدیره پارس جنوبی - عضو شورای عالی خلیج فارس تحصیلات: - دانشجوی دوره دکتری
مصطفی,آقامیرسلیم,تهران,اسلامشهر / تهران / ری / شمیرانات,,,,,,,,,,,,عضو کمیسیون اصل نودم قانون اساسی مجلس - عضو کمیسیون تدوین آیین‌نامه داخلی مجلس,عضو کمیسیون تدوین آیین‌نامه داخلی مجلس,عضو کمیسیون تدوین آیین‌نامه داخلی مجلس,عضو کمیسیون اصل نودم قانون اساسی مجلس - عضو کمیسیون تدوین آیین‌نامه داخلی مجلس,سوابق اجرایی : عضو مجمع تشخیص مصلحت نظام میزان تحصیلات : فوق لیسانس مهندسی مکانیک
ذبیح الله,اعظمی ساردویی,کرمان,جیرفت / عنبرآباد,,,,,,,,,,,,عضو کمیسیون کشاورزی،  آب و منابع طبیعی,دبیر دوم کمیسیون کشاورزی،  آب و منابع طبیعی,سخنگو کمیسیون کشاورزی،  آب و منابع طبیعی,عضو کمیسیون کشاورزی،  آب و منابع طبیعی,سوابق اجرایی: عضو هیات علمی دانشگاه جیرفت معاون آموزشی و پژوهشی دانشگاه جیرفت میزان تحصیلات: دکترای کشاورزی (بیماری شناسی گیاهی)
سید البرز,حسینی,زنجان,خدابنده,,,,,,,,,,,,سخنگو کمیسیون عمران,عضو کمیسیون عمران,عضو کمیسیون عمران,عضو کمیسیون عمران - عضو کمیسیون کمیسیون تلفیق برنامه هفتم,سوابق اجرایی : مدیرکل راه و شهرسازی مدارس میزان تحصیلات : کارشناسی ارشد عمران
فریدون,عباسی دوانی,فارس,کازرون,,,,,,,,,,,,رئیس کمیسیون انرژی,عضو کمیسیون انرژی,عضو کمیسیون انرژی,عضو کمیسیون انرژی,سوابق اجرایی : میزان تحصیلات :
غلامرضا,نوری قزلجه,آذربایجان شرقی,بستان آباد,,,,,,,,,,,,نایب رئیس دوم کمیسیون کمیسیون ویژه جهش و رونق تولید و نظارت بر اجرای اصل 44 قانون اساسی,عضو کمیسیون کشاورزی،  آب و منابع طبیعی - عضو کمیسیون کمیسیون ویژه جهش و رونق تولید و نظارت بر اجرای اصل 44 قانون اساسی,نایب رئیس دوم کمیسیون کمیسیون ویژه جهش و رونق تولید و نظارت بر اجرای اصل 44 قانون اساسی - عضو کمیسیون کشاورزی،  آب و منابع طبیعی,نایب رئیس دوم کمیسیون کمیسیون ویژه جهش و رونق تولید و نظارت بر اجرای اصل 44 قانون اساسی - عضو کمیسیون کشاورزی،  آب و منابع طبیعی,سوابق و فعالیت ها : - کارشناس ارشد سازمان و مدیر جهاد کشاورزی شهرستان تحصیلات : - فوق لیسانس مدیریت کشاورزی
کیوان,مرادیان کوچکسرایی,مازندران,جویبار / سوادکوه / قائمشهر,,,,,,,,,,,,عضو کمیسیون انرژی,عضو کمیسیون انرژی,عضو کمیسیون انرژی - عضو کمیسیون تلفیق,دبیر دوم کمیسیون انرژی,سوابق اجرایی : رئیس اسبق صندوق رفاه وزارت عتف میزان تحصیلات : دانشجوی دکتری
ابراهیم,عزیزی,کرمانشاه,کرمانشاه,,,,,,,,,,,,نایب رئیس دوم کمیسیون تلفیق - عضو کمیسیون امنیت ملی و سیاست خارجی,نایب رئیس دوم کمیسیون تلفیق,,رئیس کمیسیون کمیسیون تلفیق برنامه هفتم - عضو کمیسیون برنامه و بودجه و محاسبات,
احمد,علیرضابیگی,آذربایجان شرقی,آذر شهر / اسکو / تبریز,,,,,,,,,,,,عضو کمیسیون امور داخلی کشور و شوراها,عضو کمیسیون امور داخلی کشور و شوراها,,,سوابق و فعالیت ها: - هیات علمی ناجا استاندار آذربایجانشرقی تحصیلات: - دکترای امنیت ملی
حسین,میرزایی,اصفهان,اصفهان,,,,,,,,,,,,عضو کمیسیون فرهنگی,عضو کمیسیون فرهنگی,عضو کمیسیون فرهنگی,عضو کمیسیون فرهنگی - عضو کمیسیون اصل نودم قانون اساسی مجلس,سوابق اجرایی : معاون نهاد دانشگاه صنعتی، مدیر مدرسه علمیه میزان تحصیلات : حوزوی
فاطمه,رهبر,تهران,اسلامشهر / تهران / ری / شمیرانات,,,,,,,,,,,,,,,,سوابق و فعالیت ها: - دبیر شورای عالی سیاستگذاری اینترنت صداوسیما - مدیر طرح و توسعه سیستم های رایانه ای سازمان تحصیلات: - فوق لیسانس ارتباط تصویری
علی,رضائی,کرمانشاه,صحنه / کنگاور / هرسین,,,,,,,,,,,,عضو کمیسیون اقتصادی,عضو کمیسیون اقتصادی,عضو کمیسیون اقتصادی,عضو کمیسیون اقتصادی,سوابق اجرایی : میزان تحصیلات :
سید احمد,آوایی,خوزستان,دزفول,,,,,,,,,,,,عضو کمیسیون امنیت ملی و سیاست خارجی,عضو کمیسیون امنیت ملی و سیاست خارجی,عضو کمیسیون امنیت ملی و سیاست خارجی,عضو کمیسیون امنیت ملی و سیاست خارجی,
علیرضا,شهبازی,همدان,نهاوند,,,,,,,,,,,,عضو کمیسیون برنامه و بودجه و محاسبات,عضو کمیسیون برنامه و بودجه و محاسبات,عضو کمیسیون برنامه و بودجه و محاسبات,عضو کمیسیون برنامه و بودجه و محاسبات,سوابق اجرایی : معاون دیوان محاسبات،استاندارکردستان میزان تحصیلات : کارشناسی ارشد
ملک,فاضلی,سیستان و بلوچستان,سراوان / مهرستان,,,,,,,,,,,,عضو کمیسیون بهداشت و درمان,عضو کمیسیون بهداشت و درمان,عضو کمیسیون بهداشت و درمان,عضو کمیسیون بهداشت و درمان,سوابق اجرایی : رئیس مرکز بهداشت شهرستان سراوان میزان تحصیلات : دکترای چشم پزشکی
سید مرتضی,خاتمی,زنجان,ماهنشان,,,,,,,,,,,,عضو کمیسیون بهداشت و درمان,عضو کمیسیون بهداشت و درمان - عضو کمیسیون تلفیق,نایب رئیس اول کمیسیون بهداشت و درمان,عضو کمیسیون بهداشت و درمان - عضو کمیسیون کمیسیون تلفیق برنامه هفتم,سوابق و فعالیت ها: - مسئولیت اجرائی در ستاد وزارت بهداشت و دانشگاه تحصیلات: - ادبیات عرب (تحصیلات حوزوی) - دکتری حرفه ای پزشکی
الهویردی,دهقانی,آذربایجان شرقی,ورزقان,,,,,,,,,,,,عضو کمیسیون صنایع و معادن,عضو کمیسیون صنایع و معادن,عضو کمیسیون صنایع و معادن,دبیر اول کمیسیون صنایع و معادن,سوابق و فعالیت ها : - دبیر آموزش و پرورش تحصیلات : - فوق لیسانس علوم سیاسی
مسعود,پزشکیان,آذربایجان شرقی,آذر شهر / اسکو / تبریز,,,,,,,,,,,,عضو کمیسیون بهداشت و درمان,عضو کمیسیون بهداشت و درمان,,عضو کمیسیون کمیسیون تلفیق برنامه هفتم,سوابق و فعالیت ها: - استاد دانشگاه تحصیلات: - دکتری جراح عمومی و فوق تخصص جراح قلب
امانقلیچ,شادمهر,گلستان,گنبد کاووس,,,,,,,,,,,,عضو کمیسیون آموزش و تحقیقات,عضو کمیسیون آموزش و تحقیقات,عضو کمیسیون آموزش و تحقیقات - عضو کمیسیون تلفیق,عضو کمیسیون آموزش و تحقیقات,سوابق اجرایی : معاون دانشگاه گنبدکاووس میزان تحصیلات : کارشناسی ارشد زبان و ادبیات عرب
محمدعلی,محسنی بندپی,مازندران,چالوس / نوشهر,,,,,,,,,,,,عضو کمیسیون بهداشت و درمان,عضو کمیسیون بهداشت و درمان,عضو کمیسیون بهداشت و درمان,دبیر اول کمیسیون بهداشت و درمان,سوابق اجرایی : معاون امور بین الملل دانشگاه علوم بهزیستی و توانبخشی میزان تحصیلات : دکترای پزشکی
غلامرضا,نوری قزلجه,آذربایجان شرقی,بستان آباد,,,,,,,,,,,,عضو کمیسیون کشاورزی،  آب و منابع طبیعی,,,,
اسماعیل,حسین زهی,سیستان و بلوچستان,خاش,,,,,,,,,,,,عضو کمیسیون عمران,نایب رئیس اول کمیسیون عمران,عضو کمیسیون عمران - عضو کمیسیون تلفیق,عضو کمیسیون عمران,سوابق اجرایی : شهردار اسبق شهرستانهای خاش و زاهدان، مدیر عامل سازمان همیاریهای شهرداری استان ، میزان تحصیلات : کارشناسی ارشد مدیریت دولتی
عفت,شریعتی کوه بنانی,کرمان,زرند / کوهبنان,,,,,,,,,,,,عضو کمیسیون اقتصادی,عضو کمیسیون اقتصادی,عضو کمیسیون اقتصادی,عضو کمیسیون اقتصادی,
سید امیرحسین,قاضی زاده هاشمی,خراسان رضوی,کلات / مشهد,,,,,,,,,,,,عضو کمیسیون بهداشت و درمان - عضو کمیسیون تدوین آیین‌نامه داخلی مجلس,عضو کمیسیون تدوین آیین‌نامه داخلی مجلس,,,سوابق و فعالیت ها: - ریاست دانشگاه علوم پزشکی سمنان تحصیلات: - دکتری پزشکی - متخصص جراحی گوش و حلق و بینی
آرش,زره‌تن لهونی,کرمانشاه,اورامانات / پاوه / جوانرود,,,,,,,,,,,,دبیر دوم کمیسیون برنامه و بودجه و محاسبات,عضو کمیسیون برنامه و بودجه و محاسبات,عضو کمیسیون برنامه و بودجه و محاسبات - عضو کمیسیون تلفیق,عضو کمیسیون برنامه و بودجه و محاسبات,سوابق اجرایی : فرماندار جوانرود، مدیرعامل هلال احمر استان میزان تحصیلات : دکترای اقتصاد بین الملل
الیاس,نادران,تهران,اسلامشهر / تهران / ری / شمیرانات,,,,,,,,,,,,رئیس کمیسیون تلفیق - عضو کمیسیون برنامه و بودجه و محاسبات - عضو کمیسیون کمیسیون ویژه جهش و رونق تولید و نظارت بر اجرای اصل 44 قانون اساسی,عضو کمیسیون برنامه و بودجه و محاسبات - عضو کمیسیون تلفیق - عضو کمیسیون کمیسیون ویژه جهش و رونق تولید و نظارت بر اجرای اصل 44 قانون اساسی,عضو کمیسیون برنامه و بودجه و محاسبات - عضو کمیسیون کمیسیون ویژه جهش و رونق تولید و نظارت بر اجرای اصل 44 قانون اساسی,عضو کمیسیون کمیسیون تلفیق برنامه هفتم - عضو کمیسیون برنامه و بودجه و محاسبات - عضو کمیسیون کمیسیون ویژه جهش و رونق تولید و نظارت بر اجرای اصل 44 قانون اساسی,سوابق و فعالیت ها: - هیات علمی دانشگاه تهران تحصیلات: - دکترای علوم اقتصادی
همایون,سامه یح نجف آبادی,نمایندگان اقلیت,کلیمیان,,,,,,,,,,,,عضو کمیسیون بهداشت و درمان,عضو کمیسیون بهداشت و درمان,عضو کمیسیون بهداشت و درمان,عضو کمیسیون بهداشت و درمان,سوابق اجرایی : رئیس انجمن کلیمیان میزان تحصیلات : دکترای داروسازی
شهباز,حسن پور بیگلری,کرمان,بردسیر / سیرجان,,,,,,,,,,,,نایب رئیس دوم کمیسیون تدوین آیین‌نامه داخلی مجلس - عضو کمیسیون اقتصادی,نایب رئیس دوم کمیسیون اقتصادی,نایب رئیس اول کمیسیون اقتصادی - عضو کمیسیون تدوین آیین‌نامه داخلی مجلس,عضو کمیسیون اقتصادی - عضو کمیسیون تدوین آیین‌نامه داخلی مجلس,سوابق و فعالیت ها: - مدیرعامل شرکت خانه سازی کرمان - عضو هیأت مدیره شرکت تعاونی انبوه سازان - شهردار سیرجان - مدیرکل دفتر شهر و روستای کرمان در سازمان شهرداری های وزارت کشور تحصیلات: - کارشناسی ارشد مدیریت
حسینعلی,شهریاری,سیستان و بلوچستان,زاهدان,,,,,,,,,,,,رئیس کمیسیون بهداشت و درمان,رئیس کمیسیون بهداشت و درمان,,رئیس کمیسیون بهداشت و درمان,سوابق و فعالیت ها: - پزشک - استاد دانشگاه تحصیلات: - دکتری، متخصص چشم، فلوشیپ ویتره ورتین
عبدالرضا,مصری,کرمانشاه,کرمانشاه,,,,,,,,,,,,عضو کمیسیون برنامه و بودجه و محاسبات - عضو کمیسیون تلفیق - عضو کمیسیون کمیسیون ویژه جهش و رونق تولید و نظارت بر اجرای اصل 44 قانون اساسی,عضو کمیسیون برنامه و بودجه و محاسبات - عضو کمیسیون کمیسیون ویژه جهش و رونق تولید و نظارت بر اجرای اصل 44 قانون اساسی,عضو کمیسیون برنامه و بودجه و محاسبات - عضو کمیسیون کمیسیون ویژه جهش و رونق تولید و نظارت بر اجرای اصل 44 قانون اساسی,عضو کمیسیون کمیسیون تلفیق برنامه هفتم - عضو کمیسیون برنامه و بودجه و محاسبات - عضو کمیسیون کمیسیون ویژه جهش و رونق تولید و نظارت بر اجرای اصل 44 قانون اساسی,سوابق و فعالیت ها : - وزیر رفاه و تامین اجتماعی - سفیر ایران در ونزوئلا تحصیلات : - کارشناسی ارشد
سید مجتبی,محفوظی,خوزستان,آبادان,,,,,,,,,,,,عضو کمیسیون فرهنگی,عضو کمیسیون فرهنگی,دبیر اول کمیسیون فرهنگی,عضو کمیسیون فرهنگی,سوابق اجرایی : سپاه پاسداران میزان تحصیلات : دکترای زبان ادبیات عرب
سید علی,موسوی,آذربایجان شرقی,ملکان,,,,,,,,,,,,عضو کمیسیون صنایع و معادن,عضو کمیسیون صنایع و معادن - عضو کمیسیون تلفیق,عضو کمیسیون صنایع و معادن,عضو کمیسیون صنایع و معادن,سوابق و فعالیت ها: -عضو هیأت علمی دانشگاه مراغه تحصیلات: - دکترای فلسفه
شارلی,انویه تکیه,نمایندگان اقلیت,مسیحیان آشوری,,,,,,,,,,,,عضو کمیسیون عمران,عضو کمیسیون عمران,عضو کمیسیون عمران,عضو کمیسیون عمران,سوابق اجرایی : ریس هیات مدیره شرکت راه و ساختمانی دربرود میزان تحصیلات : کارشناسی ارشد عمران
جلیل,مختار,خوزستان,آبادان,,,,,,,,,,,,عضو کمیسیون فرهنگی,عضو کمیسیون عمران,عضو کمیسیون عمران,عضو کمیسیون عمران,سوابق و فعالیت ها : -استاد دانشگاه -کارشناس ارشد اموربهزیستی تحصیلات: -دانشجوی دوره دکتری جامعه شناسی(گرایش اقتصادو توسعه)
محمد طلا,مظلومی آبزرگه,خوزستان,بهبهان,,,,,,,,,,,,عضو کمیسیون انرژی,عضو کمیسیون انرژی,عضو کمیسیون انرژی,عضو کمیسیون انرژی,سوابق اجرایی : بازنشسته سپاه میزان تحصیلات : کارشناسی ارشد
علیرضا,زاکانی,قم,قم,,,,,,,,,,,,عضو کمیسیون اصل نودم قانون اساسی مجلس,,,,سوابق و فعالیت ها: - رئیس سازمان بسیج دانشجویی کشور تحصیلات: - دکترای پزشکی هسته ای
آرا,شاوردیان,نمایندگان اقلیت,مسیحیان ارامنه شمال کشور,,,,,,,,,,,,دبیر دوم کمیسیون عمران,دبیر دوم کمیسیون عمران,دبیر دوم کمیسیون عمران,دبیر دوم کمیسیون عمران,سوابق اجرایی : عضو شورایاری محله مجیدیه میزان تحصیلات : کارشناسی ارشد مردم شناسی
اصغر,سلیمی,اصفهان,سمیرم,,,,,,,,,,,,,,,,
مهدی,روشنفکر,کهگیلویه و بویراحمد,بویر احمد / دنا,,,,,,,,,,,,عضو کمیسیون آموزش و تحقیقات - عضو کمیسیون تلفیق,عضو کمیسیون آموزش و تحقیقات,عضو کمیسیون آموزش و تحقیقات,عضو کمیسیون آموزش و تحقیقات,سوابق اجرایی : عضو هیات علمی دانشگاه فرهنگیان، معاون فرماندار کهگیلویه میزان تحصیلات : دکترای تاریخ ایران
انور,حبیب‌زاده بوکانی,آذربایجان غربی,بوکان,,,,,,,,,,,,دبیر اول کمیسیون اقتصادی,دبیر اول کمیسیون اقتصادی,دبیر دوم کمیسیون اقتصادی,دبیر اول کمیسیون اقتصادی,
اردشیر,مطهری,سمنان,گرمسار,,,,,,,,,,,,دبیر دوم کمیسیون اجتماعی,عضو کمیسیون اجتماعی,عضو کمیسیون اجتماعی,عضو کمیسیون اجتماعی,سوابق اجرایی : بازنشسته نیروی انتظامی میزان تحصیلات : کارشناسی ارشد جامعه شناسی
بهزاد,رحیمی,کردستان,بانه / سقز,,,,,,,,,,,,دبیر دوم کمیسیون صنایع و معادن,دبیر دوم کمیسیون صنایع و معادن,عضو کمیسیون صنایع و معادن,عضو کمیسیون صنایع و معادن,سوابق اجرایی : کارمند آموزش و پرورش میزان تحصیلات : کارشناسی ارشد مدیریت اجرایی
سید ناصر,حسینی‌پور,کهگیلویه و بویراحمد,گچساران,,,,,,,,,,,,,,دبیر دوم کمیسیون اصل نودم قانون اساسی مجلس,دبیر دوم کمیسیون اصل نودم قانون اساسی مجلس,
غلامرضا,مرحبا,گیلان,آستارا,,,,,,,,,,,,عضو کمیسیون اقتصادی,سخنگو کمیسیون اقتصادی,عضو کمیسیون اقتصادی,نایب رئیس دوم کمیسیون اقتصادی,سوابق اجرایی : میزان تحصیلات :
مجید,انصاری,فارس,رستم / ممسنی,,,,,,,,,,,,عضو کمیسیون اجتماعی - عضو کمیسیون تلفیق,سخنگو کمیسیون اجتماعی,عضو کمیسیون اجتماعی,عضو کمیسیون اجتماعی,سوابق اجرایی : وکیل دادگستری میزان تحصیلات : دکترای حقوق
معصومه,پاشایی بهرام,آذربایجان شرقی,جلفا / مرند,,,,,,,,,,,,عضو کمیسیون صنایع و معادن,عضو کمیسیون صنایع و معادن,,,سوابق و فعالیت ها: -رئیس مجمع ملی جهادگران کشور تحصیلات: - دکترای پزشکی
رضا,تقی پور انوری,تهران,اسلامشهر / تهران / ری / شمیرانات,,,,,,,,,,,,عضو کمیسیون صنایع و معادن - عضو کمیسیون کمیسیون ویژه جهش و رونق تولید و نظارت بر اجرای اصل 44 قانون اساسی,عضو کمیسیون صنایع و معادن - عضو کمیسیون کمیسیون ویژه جهش و رونق تولید و نظارت بر اجرای اصل 44 قانون اساسی,عضو کمیسیون صنایع و معادن - عضو کمیسیون کمیسیون ویژه جهش و رونق تولید و نظارت بر اجرای اصل 44 قانون اساسی,عضو کمیسیون صنایع و معادن - عضو کمیسیون کمیسیون ویژه جهش و رونق تولید و نظارت بر اجرای اصل 44 قانون اساسی,سوابق اجرایی : وزیر ارتباط و فناوری اطلاعات در دولت دهم میزان تحصیلات : دکترای علوم پیشرفته مدیریت
مهرداد,گودرزوند چگینی,گیلان,رودبار,,,,,,,,,,,,عضو کمیسیون برنامه و بودجه و محاسبات - عضو کمیسیون تلفیق,عضو کمیسیون برنامه و بودجه و محاسبات,نایب رئیس اول کمیسیون برنامه و بودجه و محاسبات,نایب رئیس اول کمیسیون برنامه و بودجه و محاسبات,سوابق اجرایی : هیات علمی ازاد-رئیس دانشکده مدیریت و حسابداری میزان تحصیلات : دکترای مدیریت دولتی
